combination,sample_count,avg_return_1d,standard_error_1d,ci95_low_1d,ci95_high_1d,win_rate_1d,avg_return_5d,standard_error_5d,ci95_low_5d,ci95_high_5d,win_rate_5d,avg_return_10d,standard_error_10d,ci95_low_10d,ci95_high_10d,win_rate_10d,avg_return_20d,standard_error_20d,ci95_low_20d,ci95_high_20d,win_rate_20d,reliability_score,reliability_adjusted_rank_score
HIGH Trend + HIGH Leadership + HIGH Participation,102,0.0026761148696014367,0.0006148560527774614,0.0014564058553518781,0.0038958238838509955,0.7058823529411765,0.008862989277414864,0.001397902685869103,0.006089926380341413,0.011636052174488314,0.7450980392156863,0.015500738654624069,0.001884377484638436,0.011762640617075302,0.019238836692172835,0.8431372549019608,0.029268413828728565,0.002618509930945236,0.02407399449716536,0.03446283316029177,0.8627450980392157,96.74829180971172,0.011380153868735688
HIGH Trend + LOW Leadership + LOW Participation,7,0.004230516127146972,0.002239679347499484,-0.0012497818110141683,0.009710814065308111,0.7142857142857143,0.01946235331503386,0.005643898986840042,0.005652229997469824,0.03327247663259789,0.8571428571428571,0.037961569628318766,0.007691016831241696,0.01914232939659796,0.05678080986003957,1.0,0.039738568154368645,0.008889837639854863,0.017985919078653077,0.061491217230084216,1.0,58.17470545261854,0.011135993743240875
MEDIUM Trend + LOW Leadership + HIGH Participation,7,0.007570098927773186,0.0026093402436943134,0.0011852733618080442,0.013954924493738328,0.8571428571428571,0.01855239080983236,0.006782098714217301,0.001957193090378926,0.03514758852928579,0.8571428571428571,0.03391051406168546,0.007345497403060701,0.015936729413581565,0.05188429870978935,1.0,0.04246893774896505,0.009607066555621033,0.018961292739277373,0.06597658275865273,1.0,57.887355041506574,0.009225351137644168
HIGH Trend + MEDIUM Leadership + MEDIUM Participation,128,0.0002538179702503389,0.0007093681880474691,-0.0011498936575547606,0.001657529598055438,0.5546875,0.003198709015334283,0.0014328026443596736,0.0003634511533014552,0.006033966877367111,0.6484375,0.012003945194180514,0.0016793708620131801,0.008680773326418062,0.015327117061942966,0.7421875,0.022701338108300457,0.0028817785572147485,0.016998818404596105,0.028403857812004808,0.765625,96.31806167061453,0.008361152606025605
MEDIUM Trend + HIGH Leadership + HIGH Participation,44,0.0032920129569695244,0.0013577903871132874,0.0005537676750916303,0.0060302582388474186,0.75,0.011722318425256905,0.002928925016767538,0.005815578191818587,0.017629058658695223,0.7272727272727273,0.018042048223836683,0.004437476772579387,0.009093023432321174,0.026991073015352193,0.7727272727272727,0.02557145020636311,0.0067312636244782455,0.011996563363931824,0.039146337048794395,0.7272727272727273,77.24422316332458,0.007023835312355564
LOW Trend + MEDIUM Leadership + HIGH Participation,88,0.0028064232857303232,0.0009560469630067449,0.0009061764244700371,0.004706670146990609,0.6363636363636364,0.010072971509955266,0.002588888383763921,0.004927275518276352,0.01521866750163418,0.6590909090909091,0.014969248280952564,0.003961730401606077,0.007094880125297132,0.022843616436607997,0.6477272727272727,0.025004321479832167,0.005028078869040282,0.015010470279244695,0.03499817268041964,0.7159090909090909,90.62598709045795,0.006429805146435246
HIGH Trend + MEDIUM Leadership + HIGH Participation,45,0.0013920877243321873,0.0016069465022958088,-0.0018465001502606065,0.0046306755989249816,0.6666666666666666,0.008074473292431616,0.002338188307357738,0.0033621643948392827,0.012786782190023948,0.6888888888888889,0.014787143286245448,0.0033563413766406224,0.008022881706999996,0.0215514048654909,0.7333333333333333,0.026358121623173872,0.004532843468911463,0.01722277587590052,0.03549346737044722,0.7777777777777778,77.99135579306451,0.006257154216963054
HIGH Trend + HIGH Leadership + MEDIUM Participation,190,0.0008856440358405241,0.00047705734890767686,-5.539694306309277e-05,0.001826685014744141,0.631578947368421,0.0023726803025533242,0.0013156683595853583,-0.00022260062929188628,0.004967961234398535,0.6157894736842106,0.009341603071629711,0.0016815108463810653,0.006024663050605703,0.01265854309265372,0.7105263157894737,0.023178750578108632,0.002363071759723522,0.018517366853318618,0.027840134302898646,0.8157894736842105,95.42367739582107,0.005748955033595219
HIGH Trend + HIGH Leadership + LOW Participation,60,0.0018996960699355497,0.0007525068198516457,0.00039393340143250655,0.003405458738438593,0.6833333333333333,0.007606450142687111,0.0017908463441926497,0.0040229748850913495,0.011189925400282873,0.7333333333333333,0.011690145223753397,0.002676013533101989,0.006335454512314664,0.01704483593519213,0.7333333333333333,0.02740375333368811,0.00404320039587166,0.01931332802886427,0.03549417863851195,0.8833333333333333,83.14167260768082,0.005267402848837199
HIGH Trend + MEDIUM Leadership + LOW Participation,80,-0.0003965454595404808,0.0009610829227993076,-0.002309533165274949,0.0015164422461939873,0.575,0.0032820920467082583,0.002068641889092331,-0.0008354366363264223,0.007399620729742939,0.6,0.00890137110076357,0.0024746546521696405,0.003975694228105543,0.013827047973421595,0.65,0.01720990174771291,0.0034623994657167977,0.010318168003276224,0.024101635492149595,0.7125,88.19538631668561,0.003506378883247856
MEDIUM Trend + HIGH Leadership + MEDIUM Participation,31,5.861790420885864e-06,0.0015836508924511354,-0.003228384807628942,0.0032401083884707133,0.45161290322580644,0.0016657059640588004,0.0039983008392301175,-0.006499913711906992,0.009831325640024592,0.5806451612903226,0.013966011898546685,0.0045316045416098115,0.004711240760367372,0.023220783036726,0.7419354838709677,0.025952203733479333,0.008290677458898586,0.009020381515093216,0.042884025951865454,0.7741935483870968,70.4893269920408,0.003320921904957666
MEDIUM Trend + LOW Leadership + MEDIUM Participation,45,-0.0033666962718386286,0.0017817143085842692,-0.006957505516281855,0.0002241129726045974,0.35555555555555557,0.007244539050847385,0.00383434855004563,-0.00048308268603003846,0.014972160787724807,0.6222222222222222,0.013466169798079422,0.005342284010440112,0.0026995038299690317,0.024232835766189814,0.6666666666666666,0.0062459599965631295,0.011036981108153009,-0.01599761384855684,0.0284895338416831,0.7333333333333333,75.0199300532804,0.0020251658850283932
LOW Trend + MEDIUM Leadership + MEDIUM Participation,92,-0.00011559480785251972,0.0007240583828324124,-0.0015538478379761133,0.0013226582222710737,0.5434782608695652,0.0031389877643069474,0.0022980612778706853,-0.0014258286575094367,0.007703804186123332,0.5543478260869565,0.005682438542900686,0.0029705648030491577,-0.00021822351759620204,0.011583100603397574,0.5543478260869565,0.012435962827761568,0.0037974379908705604,0.004892818757374951,0.019979106898148184,0.6413043478260869,77.65935422172447,-0.00016947097452514178
MEDIUM Trend + MEDIUM Leadership + MEDIUM Participation,243,0.0010741285844867853,0.00045707623515638563,0.00017377289902208897,0.0019744842699514816,0.5967078189300411,0.0006678985278602428,0.0013090023292231944,-0.0019105940708621435,0.0032463911265826293,0.49382716049382713,0.002383692564535008,0.0018764655949607464,-0.0013125977631031275,0.006079982892173144,0.522633744855967,0.0046143092949128516,0.003078551861938005,-0.0014498687539534596,0.010678487343779162,0.5185185185185185,76.78594415013795,-0.0010078905852923276
LOW Trend + MEDIUM Leadership + LOW Participation,55,0.0020914862166172836,0.0014735971648265915,-0.0008628982182761914,0.005045870651510759,0.509090909090909,0.005363445168479715,0.003557785685391531,-0.0017694856639737131,0.012496376000933142,0.5818181818181818,0.007661761560126815,0.004846986901736579,-0.0020558620892836494,0.01737938520953728,0.6363636363636364,0.016385500695711153,0.006482328858148054,0.0033892138287863853,0.02938178756263592,0.6545454545454545,65.45635968381484,-0.0013456924837646962
MEDIUM Trend + HIGH Leadership + LOW Participation,15,0.0007019338132505001,0.002975650713278355,-0.005680202224482034,0.007084069850983034,0.6,0.011268947022152025,0.005399584752681799,-0.00031201047568384446,0.022849904519987894,0.7333333333333333,0.012223327727457954,0.007397985312880759,-0.0036437726890201257,0.028090428143936034,0.7333333333333333,0.03315867630512491,0.01162068784192114,0.008234779717324177,0.05808257289292564,0.9333333333333333,48.05376956519015,-0.001750970131461064
LOW Trend + LOW Leadership + MEDIUM Participation,190,-0.0008963776432035174,0.000937914060321326,-0.002746502303211755,0.0009537470168047197,0.4789473684210526,0.002598811918336227,0.0023090358903923025,-0.00195598091651615,0.0071536047531886035,0.5789473684210527,0.004315223726836793,0.003542497367379647,-0.002672689147779828,0.011303136601453413,0.5473684210526316,0.012881833858941141,0.004166998769497429,0.00466203259161614,0.021101635126266144,0.5947368421052631,76.47509631009791,-0.0020439415998341585
MEDIUM Trend + LOW Leadership + LOW Participation,50,-0.0010164058648673999,0.001537846845959277,-0.004106824805004467,0.002074013075269667,0.54,0.004821369835439622,0.0034777437911452276,-0.002167417968325788,0.01181015763920503,0.58,0.0074995621358317326,0.005707722046705518,-0.003970534749644296,0.01896965902130776,0.68,0.0011338459569916652,0.010209345169046844,-0.019382601282029902,0.02165029319601323,0.54,62.39039796814006,-0.00247723243176637
MEDIUM Trend + MEDIUM Leadership + HIGH Participation,112,0.0018682978830966627,0.0006448478253167167,0.0005904888690770145,0.003146106897116311,0.6517857142857143,0.005048216850742748,0.00205284827515126,0.000980360951384462,0.009116072750101034,0.625,0.002669541987136955,0.003068540965341817,-0.0034109767825069143,0.008750060756780824,0.5357142857142857,0.0011574091442655124,0.005219279467759407,-0.00918494154493011,0.011499759833461135,0.5089285714285714,73.95697139225086,-0.0025226551232349573
LOW Trend + LOW Leadership + HIGH Participation,59,-0.00020097554617351757,0.00267993393893676,-0.005565446168097441,0.005163495075750406,0.6440677966101694,0.004354415148559933,0.004136641800385783,-0.003925973068918314,0.012634803366038179,0.6101694915254238,0.008629003243308979,0.006965701885095775,-0.005314364009430661,0.02257237049604862,0.6440677966101694,0.016399450306236005,0.00884638444295909,-0.001308512104705617,0.034107412717177626,0.6271186440677966,65.0055999884476,-0.0034546342099005213
LOW Trend + HIGH Leadership + HIGH Participation,8,0.0038104461827619756,0.0022989348304820593,-0.0016256708702272475,0.009246563235751199,0.625,0.0041930602937258876,0.006764727985244112,-0.011802979555610731,0.020189100143062508,0.625,0.0036605730926528,0.00581280365428915,-0.010084523398026481,0.01740566958333208,0.5,0.014668044577656213,0.01136740390787619,-0.012211594380558414,0.041547683535870836,0.75,35.734326635772504,-0.0036036365307116876
LOW Trend + HIGH Leadership + MEDIUM Participation,8,0.00044514217639017497,0.004469819307778643,-0.010124300959020872,0.011014585311801224,0.625,0.0005748458995335007,0.006805825740347816,-0.015518374698207358,0.01666806649727436,0.625,0.0005155047583736627,0.005046062979251297,-0.011416538137428489,0.012447547654175814,0.25,-0.004601727478721899,0.006966148347001444,-0.021074050800234497,0.0118705958427907,0.375,32.65752928068284,-0.0037283592850710316
MEDIUM Trend + MEDIUM Leadership + LOW Participation,85,0.0002613831567710779,0.0007350925796363112,-0.0012004290532158012,0.001723195366757957,0.5529411764705883,0.0008082477959466888,0.0024802652370776767,-0.004124031631169776,0.0057405272230631535,0.4823529411764706,3.941996348796524e-05,0.003398780532986466,-0.006719427860337771,0.006798267787313701,0.5294117647058824,0.004929196927575508,0.005146565429686185,-0.005305312837621428,0.015163706692772444,0.47058823529411764,67.21134315573313,-0.004516217717313555
LOW Trend + LOW Leadership + LOW Participation,106,-0.00018674628928263106,0.0015308856043657246,-0.003222209648051952,0.00284871706948669,0.5188679245283019,-0.0035470282224326364,0.0036803489346908347,-0.010844480303032955,0.003750423858167682,0.5094339622641509,0.0004992141118324769,0.0050727144020175545,-0.009559041484088041,0.010557469707752995,0.5566037735849056,0.010559543636029076,0.005583540244831269,-0.0005115852432717033,0.021630672515329855,0.5849056603773585,68.48330592606489,-0.006546347623147466
LOW Trend + HIGH Leadership + LOW Participation,7,0.006287082168693086,0.003141720768338481,-0.0014004316123426511,0.013974595949728823,0.7142857142857143,0.01812351704251926,0.007202757997129889,0.0004990031384128658,0.03574803094662565,0.8571428571428571,0.009867436086467044,0.012896844944561742,-0.02169000665076029,0.041424878823694375,0.8571428571428571,0.02261507002331009,0.01419717563913602,-0.012124167300878619,0.0573543073474988,0.5714285714285714,36.23259718576139,-0.007858852739334832
HIGH Trend + LOW Leadership + MEDIUM Participation,1,0.0009783282930726,,,,1.0,0.0083186300218509,,,,1.0,-0.0027269230740846,,,,0.0,-0.0138916785297443,,,,0.0,,
