Price,Close,High,Low,Open,Volume
Ticker,^NSEI,^NSEI,^NSEI,^NSEI,^NSEI
Date,,,,,
2023-06-15,18688.099609375,18794.099609375,18669.05078125,18774.44921875,263000
2023-06-16,18826.0,18864.69921875,18710.5,18723.30078125,272800
2023-06-19,18755.44921875,18881.44921875,18719.150390625,18873.30078125,219800
2023-06-20,18816.69921875,18839.69921875,18660.650390625,18752.349609375,211600
2023-06-21,18856.849609375,18875.900390625,18794.849609375,18849.400390625,217500
2023-06-22,18771.25,18886.599609375,18759.5,18853.599609375,252700
2023-06-23,18665.5,18756.400390625,18647.099609375,18741.849609375,210600
2023-06-26,18691.19921875,18722.05078125,18646.69921875,18682.349609375,171300
2023-06-27,18817.400390625,18829.25,18714.25,18748.55078125,222500
2023-06-28,18972.099609375,19011.25,18861.349609375,18908.150390625,398800
2023-06-30,19189.05078125,19201.69921875,19024.599609375,19076.849609375,247900
2023-07-03,19322.55078125,19345.099609375,19234.400390625,19246.5,226100
2023-07-04,19389.0,19434.150390625,19300.0,19406.599609375,226900
2023-07-05,19398.5,19421.599609375,19339.599609375,19405.94921875,224400
2023-07-06,19497.30078125,19512.19921875,19373.0,19385.69921875,268300
2023-07-07,19331.80078125,19523.599609375,19303.599609375,19422.80078125,237100
2023-07-10,19355.900390625,19435.849609375,19327.099609375,19400.349609375,268200
2023-07-11,19439.400390625,19515.099609375,19406.44921875,19427.099609375,251300
2023-07-12,19384.30078125,19507.69921875,19361.75,19497.44921875,327900
2023-07-13,19413.75,19567.0,19385.80078125,19495.19921875,310400
2023-07-14,19564.5,19595.349609375,19433.5,19493.44921875,291200
2023-07-17,19711.44921875,19731.849609375,19562.94921875,19612.150390625,268700
2023-07-18,19749.25,19819.44921875,19690.19921875,19787.5,286400
2023-07-19,19833.150390625,19851.69921875,19727.44921875,19802.94921875,259700
2023-07-20,19979.150390625,19991.849609375,19758.400390625,19831.69921875,274700
2023-07-21,19745.0,19887.400390625,19700.0,19800.44921875,312500
2023-07-24,19672.349609375,19782.75,19658.30078125,19748.44921875,265600
2023-07-25,19680.599609375,19729.349609375,19615.94921875,19729.349609375,369700
2023-07-26,19778.30078125,19825.599609375,19716.69921875,19733.349609375,244700
2023-07-27,19659.900390625,19867.55078125,19603.55078125,19850.900390625,334900
2023-07-28,19646.05078125,19695.900390625,19563.099609375,19659.75,258700
2023-07-31,19753.80078125,19772.75,19597.599609375,19666.349609375,295100
2023-08-01,19733.55078125,19795.599609375,19704.599609375,19784.0,298000
2023-08-02,19526.55078125,19678.25,19423.55078125,19655.400390625,290700
2023-08-03,19381.650390625,19537.650390625,19296.44921875,19463.75,315700
2023-08-04,19517.0,19538.849609375,19436.44921875,19462.80078125,280800
2023-08-07,19597.30078125,19620.44921875,19524.80078125,19576.849609375,216600
2023-08-08,19570.849609375,19634.400390625,19533.099609375,19627.19921875,260300
2023-08-09,19632.55078125,19645.5,19467.5,19578.80078125,266500
2023-08-10,19543.099609375,19623.599609375,19495.400390625,19605.55078125,312200
2023-08-11,19428.30078125,19557.75,19412.75,19554.25,235500
2023-08-14,19434.55078125,19465.849609375,19257.900390625,19383.94921875,243900
2023-08-16,19465.0,19482.75,19317.19921875,19369.0,0
2023-08-17,19365.25,19461.55078125,19326.25,19450.55078125,268700
2023-08-18,19310.150390625,19373.80078125,19253.599609375,19301.75,256100
2023-08-21,19393.599609375,19425.94921875,19296.30078125,19320.650390625,262600
2023-08-22,19396.44921875,19443.5,19381.30078125,19417.099609375,208700
2023-08-23,19444.0,19472.05078125,19366.599609375,19439.19921875,225200
2023-08-24,19386.69921875,19584.44921875,19369.0,19535.150390625,268300
2023-08-25,19265.80078125,19339.55078125,19229.69921875,19297.400390625,466500
2023-08-28,19306.05078125,19366.849609375,19249.69921875,19298.349609375,248200
2023-08-29,19342.650390625,19377.900390625,19309.099609375,19374.849609375,307400
2023-08-30,19347.44921875,19452.80078125,19334.75,19433.44921875,233000
2023-08-31,19253.80078125,19388.19921875,19223.650390625,19375.55078125,562600
2023-09-01,19435.30078125,19458.55078125,19255.69921875,19258.150390625,333000
2023-09-04,19528.80078125,19545.150390625,19432.849609375,19525.05078125,296800
2023-09-05,19574.900390625,19587.05078125,19525.75,19564.650390625,256800
2023-09-06,19611.05078125,19636.44921875,19491.5,19581.19921875,287600
2023-09-07,19727.05078125,19737.0,19550.05078125,19598.650390625,304900
2023-09-08,19819.94921875,19867.150390625,19727.05078125,19774.80078125,288100
2023-09-11,19996.349609375,20008.150390625,19865.349609375,19890.0,248800
2023-09-12,19993.19921875,20110.349609375,19914.650390625,20110.150390625,328100
2023-09-13,20070.0,20096.900390625,19944.099609375,19989.5,251400
2023-09-14,20103.099609375,20167.650390625,20043.44921875,20127.94921875,275100
2023-09-15,20192.349609375,20222.44921875,20129.69921875,20156.44921875,438200
2023-09-18,20133.30078125,20195.349609375,20115.69921875,20155.94921875,264900
2023-09-20,19901.400390625,20050.650390625,19878.849609375,19980.75,378100
2023-09-21,19742.349609375,19848.75,19709.94921875,19840.55078125,275100
2023-09-22,19674.25,19798.650390625,19657.5,19744.849609375,246400
2023-09-25,19674.55078125,19734.150390625,19601.55078125,19678.19921875,188400
2023-09-26,19664.69921875,19699.349609375,19637.44921875,19682.80078125,204900
2023-09-27,19716.44921875,19730.69921875,19554.0,19637.05078125,203600
2023-09-28,19523.55078125,19766.650390625,19492.099609375,19761.80078125,352800
2023-09-29,19638.30078125,19726.25,19551.05078125,19581.19921875,243500
2023-10-03,19528.75,19623.19921875,19479.650390625,19622.400390625,221700
2023-10-04,19436.099609375,19457.80078125,19333.599609375,19446.30078125,277100
2023-10-05,19545.75,19576.94921875,19487.30078125,19521.849609375,234900
2023-10-06,19653.5,19675.75,19589.400390625,19621.19921875,159100
2023-10-09,19512.349609375,19588.94921875,19480.5,19539.44921875,165100
2023-10-10,19689.849609375,19717.80078125,19565.44921875,19565.599609375,216600
2023-10-11,19811.349609375,19839.19921875,19756.94921875,19767.0,213700
2023-10-12,19794.0,19843.30078125,19772.650390625,19822.69921875,217900
2023-10-13,19751.05078125,19805.400390625,19635.30078125,19654.55078125,255000
2023-10-16,19731.75,19781.30078125,19691.849609375,19737.25,181000
2023-10-17,19811.5,19849.75,19775.650390625,19843.19921875,185800
2023-10-18,19671.099609375,19840.94921875,19659.94921875,19820.44921875,198900
2023-10-19,19624.69921875,19681.80078125,19512.349609375,19545.19921875,230300
2023-10-20,19542.650390625,19593.80078125,19518.69921875,19542.150390625,198300
2023-10-23,19281.75,19556.849609375,19257.849609375,19521.599609375,176000
2023-10-25,19122.150390625,19347.30078125,19074.150390625,19286.44921875,225300
2023-10-26,18857.25,19041.69921875,18837.849609375,19027.25,300400
2023-10-27,19047.25,19076.150390625,18926.650390625,18928.75,205200
2023-10-30,19140.900390625,19158.5,18940.0,19053.400390625,180100
2023-10-31,19079.599609375,19233.69921875,19056.44921875,19232.94921875,206000
2023-11-01,18989.150390625,19096.05078125,18973.69921875,19064.05078125,194100
2023-11-02,19133.25,19175.25,19064.150390625,19120.0,245600
2023-11-03,19230.599609375,19276.25,19210.900390625,19241.0,189500
2023-11-06,19411.75,19423.0,19309.69921875,19345.849609375,180700
2023-11-07,19406.69921875,19423.5,19329.099609375,19404.05078125,198700
2023-11-08,19443.5,19464.400390625,19401.5,19449.599609375,195000
2023-11-09,19395.30078125,19463.900390625,19378.349609375,19457.400390625,208400
2023-11-10,19425.349609375,19451.30078125,19329.44921875,19351.849609375,152200
2023-11-13,19443.55078125,19494.400390625,19414.75,19486.75,189300
2023-11-15,19675.44921875,19693.19921875,19579.650390625,19651.400390625,291500
2023-11-16,19765.19921875,19875.25,19627.0,19674.69921875,282700
2023-11-17,19731.80078125,19806.0,19667.44921875,19674.75,236800
2023-11-20,19694.0,19756.44921875,19670.5,19731.150390625,173800
2023-11-21,19783.400390625,19829.099609375,19754.05078125,19770.900390625,195000
2023-11-22,19811.849609375,19825.55078125,19703.849609375,19784.0,184500
2023-11-23,19802.0,19875.150390625,19786.75,19828.44921875,170000
2023-11-24,19794.69921875,19832.849609375,19768.849609375,19809.599609375,145900
2023-11-28,19889.69921875,19916.849609375,19800.0,19844.650390625,229600
2023-11-29,20096.599609375,20104.650390625,19956.30078125,19976.55078125,236200
2023-11-30,20133.150390625,20158.69921875,20015.849609375,20108.5,486600
2023-12-01,20267.900390625,20291.55078125,20183.69921875,20194.099609375,265800
2023-12-04,20686.80078125,20702.650390625,20507.75,20601.94921875,381100
2023-12-05,20855.099609375,20864.05078125,20711.150390625,20808.900390625,421000
2023-12-06,20937.69921875,20961.94921875,20852.150390625,20950.75,359200
2023-12-07,20901.150390625,20941.25,20850.80078125,20932.400390625,275000
2023-12-08,20969.400390625,21006.099609375,20862.69921875,20934.099609375,292400
2023-12-11,20997.099609375,21026.099609375,20923.69921875,20965.30078125,212900
2023-12-12,20906.400390625,21037.900390625,20867.150390625,21018.55078125,244900
2023-12-13,20926.349609375,20950.0,20769.5,20929.75,260300
2023-12-14,21182.69921875,21210.900390625,21074.44921875,21110.400390625,334400
2023-12-15,21456.650390625,21492.30078125,21235.30078125,21287.44921875,508800
2023-12-18,21418.650390625,21482.80078125,21365.349609375,21434.80078125,249700
2023-12-19,21453.099609375,21505.05078125,21337.75,21477.650390625,249800
2023-12-20,21150.150390625,21593.0,21087.349609375,21543.5,363900
2023-12-21,21255.05078125,21288.349609375,20976.80078125,21033.94921875,277500
2023-12-22,21349.400390625,21390.5,21232.44921875,21295.849609375,284700
2023-12-26,21441.349609375,21477.150390625,21329.44921875,21365.19921875,219500
2023-12-27,21654.75,21675.75,21495.80078125,21497.650390625,256500
2023-12-28,21778.69921875,21801.44921875,21678.0,21715.0,393100
2023-12-29,21731.400390625,21770.30078125,21676.900390625,21737.650390625,270900
2024-01-01,21741.900390625,21834.349609375,21680.849609375,21727.75,154000
2024-01-02,21665.80078125,21755.599609375,21555.650390625,21751.349609375,263700
2024-01-03,21517.349609375,21677.0,21500.349609375,21661.099609375,311900
2024-01-04,21658.599609375,21685.650390625,21564.55078125,21605.80078125,339200
2024-01-05,21710.80078125,21749.599609375,21629.19921875,21705.75,309300
2024-01-08,21513.0,21763.94921875,21492.900390625,21747.599609375,231500
2024-01-09,21544.849609375,21724.44921875,21517.849609375,21653.599609375,228600
2024-01-10,21618.69921875,21641.849609375,21448.650390625,21529.30078125,217000
2024-01-11,21647.19921875,21726.5,21593.75,21688.0,212500
2024-01-12,21894.55078125,21928.25,21715.150390625,21773.55078125,294700
2024-01-15,22097.44921875,22115.55078125,21963.55078125,22053.150390625,345500
2024-01-16,22032.30078125,22124.150390625,21969.80078125,22080.5,292400
2024-01-17,21571.94921875,21851.5,21550.44921875,21647.25,456000
2024-01-18,21462.25,21539.400390625,21285.55078125,21414.19921875,387300
2024-01-19,21622.400390625,21670.599609375,21575.0,21615.19921875,343100
2024-01-23,21238.80078125,21750.25,21192.599609375,21716.69921875,449700
2024-01-24,21453.94921875,21482.349609375,21137.19921875,21185.25,407500
2024-01-25,21352.599609375,21459.0,21247.05078125,21454.599609375,418100
2024-01-29,21737.599609375,21763.25,21429.599609375,21433.099609375,376700
2024-01-30,21522.099609375,21813.05078125,21501.80078125,21775.75,375100
2024-01-31,21725.69921875,21741.349609375,21448.849609375,21487.25,410600
2024-02-01,21697.44921875,21832.94921875,21658.75,21780.650390625,332500
2024-02-02,21853.80078125,22126.80078125,21805.55078125,21812.75,442800
2024-02-05,21771.69921875,21964.30078125,21726.94921875,21921.05078125,440800
2024-02-06,21929.400390625,21951.400390625,21737.55078125,21825.19921875,371000
2024-02-07,21930.5,22053.30078125,21860.150390625,22045.05078125,346300
2024-02-08,21717.94921875,22011.05078125,21665.30078125,22009.650390625,491100
2024-02-09,21782.5,21804.44921875,21629.900390625,21727.0,349200
2024-02-12,21616.05078125,21831.69921875,21574.75,21800.80078125,287400
2024-02-13,21743.25,21766.80078125,21543.349609375,21664.30078125,365800
2024-02-14,21840.05078125,21870.849609375,21530.19921875,21578.150390625,359100
2024-02-15,21910.75,21953.849609375,21794.80078125,21906.55078125,345400
2024-02-16,22040.69921875,22068.650390625,21968.94921875,22020.30078125,343900
2024-02-19,22122.25,22186.650390625,22021.05078125,22103.44921875,0
2024-02-20,22196.94921875,22215.599609375,22045.849609375,22099.19921875,295700
2024-02-21,22055.05078125,22249.400390625,21997.94921875,22248.849609375,364500
2024-02-22,22217.44921875,22252.5,21875.25,22081.55078125,343500
2024-02-23,22212.69921875,22297.5,22186.099609375,22290.0,226000
2024-02-26,22122.05078125,22202.150390625,22075.150390625,22169.19921875,207800
2024-02-27,22198.349609375,22218.25,22085.650390625,22090.19921875,252200
2024-02-28,21951.150390625,22229.150390625,21915.849609375,22214.099609375,203000
2024-02-29,21982.80078125,22060.55078125,21860.650390625,21935.19921875,360200
2024-03-01,22338.75,22353.30078125,22047.75,22048.30078125,351500
2024-03-04,22405.599609375,22440.900390625,22358.30078125,22403.5,298800
2024-03-05,22356.30078125,22416.900390625,22269.150390625,22371.25,296200
2024-03-06,22474.05078125,22497.19921875,22224.349609375,22327.5,312300
2024-03-07,22493.55078125,22525.650390625,22430.0,22505.30078125,379900
2024-03-11,22332.650390625,22526.599609375,22307.25,22517.5,277900
2024-03-12,22335.69921875,22452.55078125,22256.0,22334.44921875,299200
2024-03-13,21997.69921875,22446.75,21905.650390625,22432.19921875,493300
2024-03-14,22146.650390625,22204.599609375,21917.5,21982.55078125,426700
2024-03-15,22023.349609375,22120.900390625,21931.69921875,22064.849609375,661500
2024-03-18,22055.69921875,22123.69921875,21916.55078125,21990.099609375,356300
2024-03-19,21817.44921875,21978.30078125,21793.099609375,21946.44921875,344200
2024-03-20,21839.099609375,21930.900390625,21710.19921875,21843.900390625,312400
2024-03-21,22011.94921875,22080.94921875,21941.30078125,21989.900390625,353200
2024-03-22,22096.75,22180.69921875,21883.30078125,21932.19921875,388700
2024-03-26,22004.69921875,22073.19921875,21947.55078125,21947.900390625,328400
2024-03-27,22123.650390625,22193.599609375,22052.849609375,22053.94921875,409100
2024-03-28,22326.900390625,22516.0,22163.599609375,22163.599609375,410500
2024-04-01,22462.0,22529.94921875,22427.75,22455.0,0
2024-04-02,22453.30078125,22497.599609375,22388.150390625,22458.80078125,289500
2024-04-03,22434.650390625,22521.099609375,22346.5,22385.69921875,309600
2024-04-04,22514.650390625,22619.0,22303.80078125,22592.099609375,401000
2024-04-05,22513.69921875,22537.599609375,22427.599609375,22486.400390625,242200
2024-04-08,22666.30078125,22697.30078125,22550.349609375,22578.349609375,227600
2024-04-09,22642.75,22768.400390625,22612.25,22765.099609375,232400
2024-04-10,22753.80078125,22775.69921875,22673.69921875,22720.25,276800
2024-04-12,22519.400390625,22726.44921875,22503.75,22677.400390625,357200
2024-04-15,22272.5,22427.44921875,22259.55078125,22339.05078125,355500
2024-04-16,22147.900390625,22213.75,22079.44921875,22125.30078125,317300
2024-04-18,21995.849609375,22326.5,21961.69921875,22212.349609375,456900
2024-04-19,22147.0,22179.55078125,21777.650390625,21861.5,362500
2024-04-22,22336.400390625,22375.650390625,22198.150390625,22336.900390625,279300
2024-04-23,22368.0,22447.55078125,22349.44921875,22447.05078125,231500
2024-04-24,22402.400390625,22476.44921875,22384.0,22421.55078125,235900
2024-04-25,22570.349609375,22625.94921875,22305.25,22316.900390625,475000
2024-04-26,22419.94921875,22620.400390625,22385.55078125,22620.400390625,329900
2024-04-29,22643.400390625,22655.80078125,22441.900390625,22475.55078125,292000
2024-04-30,22604.849609375,22783.349609375,22568.400390625,22679.650390625,361900
2024-05-02,22648.19921875,22710.5,22567.849609375,22567.849609375,445900
2024-05-03,22475.849609375,22794.69921875,22348.05078125,22766.349609375,438100
2024-05-06,22442.69921875,22588.80078125,22409.44921875,22561.599609375,320300
2024-05-07,22302.5,22499.05078125,22232.05078125,22489.75,297800
2024-05-08,22302.5,22368.650390625,22185.19921875,22231.19921875,277400
2024-05-09,21957.5,22307.75,21932.400390625,22224.80078125,331300
2024-05-10,22055.19921875,22131.30078125,21950.30078125,21990.94921875,265800
2024-05-13,22104.05078125,22131.650390625,21821.05078125,22027.94921875,278200
2024-05-14,22217.849609375,22270.05078125,22081.25,22112.900390625,230200
2024-05-15,22200.55078125,22297.55078125,22151.75,22255.599609375,231900
2024-05-16,22403.849609375,22432.25,22054.55078125,22319.19921875,368900
2024-05-17,22466.099609375,22502.150390625,22345.650390625,22415.25,242700
2024-05-21,22529.05078125,22591.099609375,22404.55078125,22404.55078125,347600
2024-05-22,22597.80078125,22629.5,22483.150390625,22576.599609375,290300
2024-05-23,22967.650390625,22993.599609375,22577.44921875,22614.099609375,369800
2024-05-24,22957.099609375,23026.400390625,22908.0,22930.75,261900
2024-05-27,22932.44921875,23110.80078125,22871.19921875,23038.94921875,260000
2024-05-28,22888.150390625,22998.55078125,22858.5,22977.150390625,217900
2024-05-29,22704.69921875,22825.5,22685.44921875,22762.75,269900
2024-05-30,22488.650390625,22705.75,22417.0,22617.44921875,373400
2024-05-31,22530.69921875,22653.75,22465.099609375,22568.099609375,572100
2024-06-03,23263.900390625,23338.69921875,23062.30078125,23337.900390625,569400
2024-06-04,21884.5,23179.5,21281.44921875,23179.5,1006100
2024-06-05,22620.349609375,22670.400390625,21791.94921875,22128.349609375,638500
2024-06-06,22821.400390625,22910.150390625,22642.599609375,22798.599609375,480400
2024-06-07,23290.150390625,23320.19921875,22789.05078125,22821.849609375,473600
2024-06-10,23259.19921875,23411.900390625,23227.150390625,23319.150390625,304400
2024-06-11,23264.849609375,23389.44921875,23206.650390625,23283.75,305200
2024-06-12,23322.94921875,23441.94921875,23295.94921875,23344.44921875,295600
2024-06-13,23398.900390625,23481.05078125,23353.900390625,23480.94921875,268300
2024-06-14,23465.599609375,23490.400390625,23334.25,23464.94921875,223100
2024-06-18,23557.900390625,23579.05078125,23499.69921875,23570.80078125,272200
2024-06-19,23516.0,23664.0,23412.900390625,23629.849609375,328800
2024-06-20,23567.0,23624.0,23442.599609375,23586.150390625,280300
2024-06-21,23501.099609375,23667.099609375,23398.19921875,23661.150390625,609900
2024-06-24,23537.849609375,23558.099609375,23350.0,23382.30078125,239400
2024-06-25,23721.30078125,23754.150390625,23562.05078125,23577.099609375,298100
2024-06-26,23868.80078125,23889.900390625,23670.44921875,23723.099609375,287800
2024-06-27,24044.5,24087.44921875,23805.400390625,23881.55078125,515200
2024-06-28,24010.599609375,24174.0,23985.80078125,24085.900390625,354800
2024-07-01,24141.94921875,24164.0,23992.69921875,23992.94921875,0
2024-07-02,24123.849609375,24236.349609375,24056.400390625,24228.75,0
2024-07-03,24286.5,24309.150390625,24207.099609375,24291.75,0
2024-07-04,24302.150390625,24401.0,24281.0,24369.94921875,251200
2024-07-05,24323.849609375,24363.0,24168.849609375,24213.349609375,298400
2024-07-08,24320.55078125,24344.599609375,24240.55078125,24329.44921875,266300
2024-07-09,24433.19921875,24443.599609375,24331.900390625,24351.0,250500
2024-07-10,24324.44921875,24461.05078125,24141.80078125,24459.849609375,292300
2024-07-11,24315.94921875,24402.650390625,24193.75,24396.55078125,306400
2024-07-12,24502.150390625,24592.19921875,24331.150390625,24387.94921875,325800
2024-07-15,24586.69921875,24635.05078125,24522.75,24587.599609375,305400
2024-07-16,24613.0,24661.25,24587.650390625,24615.900390625,283200
2024-07-18,24800.849609375,24837.75,24504.44921875,24543.80078125,350900
2024-07-19,24530.900390625,24854.80078125,24508.150390625,24853.80078125,343800
2024-07-22,24509.25,24595.19921875,24362.30078125,24445.75,324200
2024-07-23,24479.05078125,24582.55078125,24074.19921875,24568.900390625,436400
2024-07-24,24413.5,24504.25,24307.25,24444.94921875,366600
2024-07-25,24406.099609375,24426.150390625,24210.80078125,24230.94921875,391800
2024-07-26,24834.849609375,24861.150390625,24410.900390625,24423.349609375,383800
2024-07-29,24836.099609375,24999.75,24774.599609375,24943.30078125,355000
2024-07-30,24857.30078125,24971.75,24798.650390625,24839.400390625,385000
2024-07-31,24951.150390625,24984.599609375,24856.5,24886.69921875,333600
2024-08-01,25010.900390625,25078.30078125,24956.400390625,25030.94921875,431300
2024-08-02,24717.69921875,24851.900390625,24686.849609375,24789.0,345000
2024-08-05,24055.599609375,24350.05078125,23893.69921875,24302.849609375,487000
2024-08-06,23992.55078125,24382.599609375,23960.400390625,24189.849609375,312300
2024-08-07,24297.5,24337.69921875,24184.900390625,24289.400390625,317600
2024-08-08,24117.0,24340.5,24079.69921875,24248.55078125,311900
2024-08-09,24367.5,24419.75,24311.19921875,24386.849609375,215100
2024-08-12,24347.0,24472.80078125,24212.099609375,24320.05078125,279900
2024-08-13,24139.0,24359.94921875,24116.5,24342.349609375,239700
2024-08-14,24143.75,24196.5,24099.69921875,24184.400390625,303300
2024-08-16,24541.150390625,24563.900390625,24204.5,24334.849609375,271600
2024-08-19,24572.650390625,24638.80078125,24522.94921875,24636.349609375,243600
2024-08-20,24698.849609375,24734.30078125,24607.19921875,24648.900390625,238300
2024-08-21,24770.19921875,24787.94921875,24654.5,24680.55078125,257100
2024-08-22,24811.5,24867.349609375,24784.44921875,24863.400390625,220300
2024-08-23,24823.150390625,24858.400390625,24771.650390625,24845.400390625,206800
2024-08-26,25010.599609375,25043.80078125,24874.69921875,24906.099609375,210300
2024-08-27,25017.75,25073.099609375,24973.650390625,25024.80078125,223300
2024-08-28,25052.349609375,25129.599609375,24964.650390625,25030.80078125,220400
2024-08-29,25151.94921875,25192.900390625,24998.5,25035.30078125,354000
2024-08-30,25235.900390625,25268.349609375,25199.400390625,25249.69921875,638200
2024-09-02,25278.69921875,25333.650390625,25235.5,25333.599609375,222800
2024-09-03,25279.849609375,25321.69921875,25235.80078125,25313.400390625,212100
2024-09-04,25198.69921875,25216.0,25083.80078125,25089.94921875,253800
2024-09-05,25145.099609375,25275.44921875,25127.75,25250.5,222200
2024-09-06,24852.150390625,25168.75,24801.30078125,25093.69921875,311700
2024-09-09,24936.400390625,24957.5,24753.150390625,24823.400390625,254400
2024-09-10,25041.099609375,25130.5,24896.80078125,24999.400390625,251300
2024-09-11,24918.44921875,25113.69921875,24885.150390625,25034.0,279200
2024-09-12,25388.900390625,25433.349609375,24941.44921875,25059.650390625,380100
2024-09-13,25356.5,25430.5,25292.44921875,25430.44921875,250800
2024-09-16,25383.75,25445.69921875,25336.19921875,25406.650390625,168700
2024-09-17,25418.55078125,25441.650390625,25352.25,25416.900390625,216000
2024-09-18,25377.55078125,25482.19921875,25285.55078125,25402.400390625,215700
2024-09-19,25415.80078125,25611.94921875,25376.05078125,25487.05078125,314500
2024-09-20,25790.94921875,25849.25,25426.599609375,25525.94921875,533100
2024-09-23,25939.05078125,25956.0,25847.349609375,25872.55078125,209200
2024-09-24,25940.400390625,26011.55078125,25886.849609375,25921.44921875,384100
2024-09-25,26004.150390625,26032.80078125,25871.349609375,25899.44921875,278500
2024-09-26,26216.05078125,26250.900390625,25998.400390625,26005.400390625,370900
2024-09-27,26178.94921875,26277.349609375,26151.400390625,26248.25,490300
2024-09-30,25810.849609375,26134.69921875,25794.099609375,26061.30078125,343100
2024-10-01,25796.900390625,25907.599609375,25739.19921875,25788.44921875,247400
2024-10-03,25250.099609375,25639.44921875,25230.30078125,25452.849609375,423400
2024-10-04,25014.599609375,25485.05078125,24966.80078125,25181.900390625,374900
2024-10-07,24795.75,25143.0,24694.349609375,25084.099609375,374300
2024-10-08,25013.150390625,25044.0,24756.80078125,24832.19921875,333200
2024-10-09,24981.94921875,25234.05078125,24947.69921875,25065.80078125,290600
2024-10-10,24998.44921875,25134.05078125,24979.400390625,25067.05078125,261400
2024-10-11,24964.25,25028.650390625,24920.05078125,24985.30078125,210500
2024-10-14,25127.94921875,25159.75,25017.5,25023.44921875,206400
2024-10-15,25057.349609375,25212.05078125,25008.150390625,25186.30078125,257200
2024-10-16,24971.30078125,25093.400390625,24908.44921875,25008.55078125,226800
2024-10-17,24749.849609375,25029.5,24728.900390625,25027.400390625,252800
2024-10-18,24854.05078125,24886.19921875,24567.650390625,24664.94921875,290900
2024-10-21,24781.099609375,24978.30078125,24679.599609375,24956.150390625,242000
2024-10-22,24472.099609375,24882.0,24445.80078125,24798.650390625,279500
2024-10-23,24435.5,24604.25,24378.099609375,24378.150390625,284600
2024-10-24,24399.400390625,24480.650390625,24341.19921875,24412.69921875,216700
2024-10-25,24180.80078125,24440.25,24073.900390625,24418.05078125,372600
2024-10-28,24339.150390625,24492.599609375,24134.900390625,24251.099609375,278600
2024-10-29,24466.849609375,24484.5,24140.849609375,24328.849609375,332000
2024-10-30,24340.849609375,24498.19921875,24307.30078125,24371.44921875,285200
2024-10-31,24205.349609375,24372.44921875,24172.599609375,24349.849609375,287000
2024-11-01,24304.349609375,24368.25,24280.19921875,24302.75,38800
2024-11-04,23995.349609375,24316.75,23816.150390625,24315.75,285500
2024-11-05,24213.30078125,24229.05078125,23842.75,23916.5,289500
2024-11-06,24484.05078125,24537.599609375,24204.05078125,24308.75,351100
2024-11-07,24199.349609375,24503.349609375,24179.05078125,24489.599609375,322200
2024-11-08,24148.19921875,24276.150390625,24066.650390625,24207.69921875,298700
2024-11-11,24141.30078125,24336.80078125,24004.599609375,24087.25,273400
2024-11-12,23883.44921875,24242.0,23839.150390625,24225.80078125,255800
2024-11-13,23559.05078125,23873.599609375,23509.599609375,23822.44921875,304600
2024-11-14,23532.69921875,23675.900390625,23484.150390625,23542.150390625,257700
2024-11-18,23453.80078125,23606.80078125,23350.400390625,23605.30078125,263300
2024-11-19,23518.5,23780.650390625,23464.80078125,23529.55078125,297500
2024-11-21,23349.900390625,23507.30078125,23263.150390625,23488.44921875,420300
2024-11-22,23907.25,23956.099609375,23359.0,23411.80078125,367600
2024-11-25,24221.900390625,24351.55078125,24135.44921875,24253.55078125,687200
2024-11-26,24194.5,24343.30078125,24125.400390625,24343.30078125,230700
2024-11-27,24274.900390625,24354.55078125,24145.650390625,24204.80078125,295000
2024-11-28,23914.150390625,24345.75,23873.349609375,24274.150390625,366700
2024-11-29,24131.099609375,24188.44921875,23927.150390625,23927.150390625,282100
2024-12-02,24276.05078125,24301.69921875,24008.650390625,24140.849609375,220400
2024-12-03,24457.150390625,24481.349609375,24280.0,24367.5,339500
2024-12-04,24467.44921875,24573.19921875,24366.30078125,24488.75,348000
2024-12-05,24708.400390625,24857.75,24295.55078125,24539.150390625,361500
2024-12-06,24677.80078125,24751.05078125,24620.5,24729.44921875,226700
2024-12-09,24619.0,24705.0,24580.05078125,24633.900390625,248100
2024-12-10,24610.05078125,24677.80078125,24510.650390625,24652.650390625,261000
2024-12-11,24641.80078125,24691.75,24583.849609375,24620.5,187300
2024-12-12,24548.69921875,24675.25,24527.94921875,24604.44921875,266100
2024-12-13,24768.30078125,24792.30078125,24180.80078125,24498.349609375,310100
2024-12-16,24668.25,24781.25,24601.75,24753.400390625,187600
2024-12-17,24336.0,24624.099609375,24303.44921875,24584.80078125,264900
2024-12-18,24198.849609375,24394.44921875,24149.849609375,24297.94921875,235300
2024-12-19,23951.69921875,24004.900390625,23870.30078125,23877.150390625,271100
2024-12-20,23587.5,24065.80078125,23537.349609375,23960.69921875,442700
2024-12-23,23753.44921875,23869.55078125,23647.19921875,23738.19921875,189800
2024-12-24,23727.650390625,23867.650390625,23685.150390625,23769.099609375,177700
2024-12-26,23750.19921875,23854.5,23653.599609375,23775.80078125,177700
2024-12-27,23813.400390625,23938.849609375,23800.599609375,23801.400390625,176800
2024-12-30,23644.900390625,23915.349609375,23599.30078125,23796.900390625,364900
2024-12-31,23644.80078125,23689.849609375,23460.44921875,23560.599609375,193600
2025-01-01,23742.900390625,23822.80078125,23562.80078125,23637.650390625,154900
2025-01-02,24188.650390625,24226.69921875,23751.55078125,23783.0,283200
2025-01-03,24004.75,24196.44921875,23976.0,24196.400390625,312300
2025-01-06,23616.05078125,24089.94921875,23551.900390625,24045.80078125,278100
2025-01-07,23707.900390625,23795.19921875,23637.80078125,23679.900390625,262300
2025-01-08,23688.94921875,23751.849609375,23496.150390625,23746.650390625,266400
2025-01-09,23526.5,23689.5,23503.05078125,23674.75,269200
2025-01-10,23431.5,23596.599609375,23344.349609375,23551.900390625,261000
2025-01-13,23085.94921875,23340.94921875,23047.25,23195.400390625,316500
2025-01-14,23176.05078125,23264.94921875,23134.150390625,23165.900390625,311200
2025-01-15,23213.19921875,23293.650390625,23146.44921875,23250.44921875,228000
2025-01-16,23311.80078125,23391.650390625,23272.05078125,23377.25,299400
2025-01-17,23203.19921875,23292.099609375,23100.349609375,23277.099609375,272900
2025-01-20,23344.75,23391.099609375,23170.650390625,23290.400390625,301500
2025-01-21,23024.650390625,23426.30078125,22976.849609375,23421.650390625,312900
2025-01-22,23155.349609375,23169.55078125,22981.30078125,23099.150390625,276000
2025-01-23,23205.349609375,23270.80078125,23090.650390625,23128.30078125,275600
2025-01-24,23092.19921875,23347.30078125,23050.0,23183.900390625,264300
2025-01-27,22829.150390625,23007.44921875,22786.900390625,22940.150390625,257400
2025-01-28,22957.25,23137.94921875,22857.650390625,22960.44921875,361900
2025-01-29,23163.099609375,23183.349609375,22976.5,23026.75,226300
2025-01-30,23249.5,23322.05078125,23139.19921875,23169.5,361900
2025-01-31,23508.400390625,23546.80078125,23277.400390625,23296.75,304900
2025-02-01,23482.150390625,23632.44921875,23318.30078125,23528.599609375,281000
2025-02-03,23361.05078125,23381.599609375,23222.0,23319.349609375,329700
2025-02-04,23739.25,23762.75,23423.150390625,23509.900390625,376700
2025-02-05,23696.30078125,23807.30078125,23680.44921875,23801.75,267000
2025-02-06,23603.349609375,23773.55078125,23556.25,23761.94921875,307000
2025-02-07,23559.94921875,23694.5,23443.19921875,23649.5,368100
2025-02-10,23381.599609375,23568.599609375,23316.30078125,23543.80078125,234200
2025-02-11,23071.80078125,23390.05078125,22986.650390625,23383.55078125,268000
2025-02-12,23045.25,23144.69921875,22798.349609375,23050.80078125,279700
2025-02-13,23031.400390625,23235.5,22992.19921875,23055.75,265700
2025-02-14,22929.25,23133.69921875,22774.849609375,23096.44921875,254500
2025-02-17,22959.5,22974.19921875,22725.44921875,22809.900390625,207400
2025-02-18,22945.30078125,22992.5,22801.5,22963.650390625,210600
2025-02-19,22932.900390625,23049.94921875,22814.849609375,22847.25,207000
2025-02-20,22913.150390625,22923.849609375,22812.75,22821.099609375,240800
2025-02-21,22795.900390625,22921.0,22720.30078125,22857.19921875,242800
2025-02-24,22553.349609375,22668.05078125,22518.80078125,22609.349609375,214300
2025-02-25,22547.55078125,22625.30078125,22513.900390625,22516.44921875,250300
2025-02-27,22545.05078125,22613.30078125,22508.400390625,22568.94921875,289200
2025-02-28,22124.69921875,22450.349609375,22104.849609375,22433.400390625,551300
2025-03-03,22119.30078125,22261.55078125,22004.69921875,22194.55078125,282400
2025-03-04,22082.650390625,22105.05078125,21964.599609375,21974.44921875,253300
2025-03-05,22337.30078125,22394.900390625,22067.80078125,22073.05078125,305900
2025-03-06,22544.69921875,22556.44921875,22245.849609375,22476.349609375,372100
2025-03-07,22552.5,22633.80078125,22464.75,22508.650390625,289800
2025-03-10,22460.30078125,22676.75,22429.05078125,22521.849609375,293900
2025-03-11,22497.900390625,22522.099609375,22314.69921875,22345.94921875,347900
2025-03-12,22470.5,22577.400390625,22329.55078125,22536.349609375,369700
2025-03-13,22397.19921875,22558.05078125,22377.349609375,22541.5,287500
2025-03-17,22508.75,22577.0,22353.150390625,22353.150390625,251100
2025-03-18,22834.30078125,22857.80078125,22599.19921875,22662.25,272600
2025-03-19,22907.599609375,22940.69921875,22807.94921875,22874.94921875,324000
2025-03-20,23190.650390625,23216.69921875,22973.94921875,23036.599609375,313700
2025-03-21,23350.400390625,23402.69921875,23132.80078125,23168.25,541000
2025-03-24,23658.349609375,23708.75,23433.5,23515.400390625,311900
2025-03-25,23668.650390625,23869.599609375,23601.400390625,23751.5,338200
2025-03-26,23486.849609375,23736.5,23451.69921875,23700.94921875,278600
2025-03-27,23591.94921875,23646.44921875,23412.19921875,23433.94921875,510300
2025-03-28,23519.349609375,23649.19921875,23450.19921875,23600.400390625,295400
2025-04-01,23165.69921875,23565.150390625,23136.400390625,23341.099609375,314300
2025-04-02,23332.349609375,23350.0,23158.44921875,23192.599609375,341000
2025-04-03,23250.099609375,23306.5,23145.80078125,23150.30078125,283200
2025-04-04,22904.44921875,23214.69921875,22857.44921875,23190.400390625,466800
2025-04-07,22161.599609375,22254.0,21743.650390625,21758.400390625,647100
2025-04-08,22535.849609375,22697.19921875,22270.849609375,22446.75,468300
2025-04-09,22399.150390625,22468.69921875,22353.25,22460.30078125,383800
2025-04-11,22828.55078125,22923.900390625,22695.400390625,22695.400390625,402200
2025-04-15,23328.55078125,23368.349609375,23207.0,23368.349609375,388300
2025-04-16,23437.19921875,23452.19921875,23273.05078125,23344.099609375,348400
2025-04-17,23851.650390625,23872.349609375,23298.55078125,23401.849609375,505300
2025-04-21,24125.55078125,24189.55078125,23903.650390625,23949.150390625,406100
2025-04-22,24167.25,24242.599609375,24072.0,24185.400390625,440900
2025-04-23,24328.94921875,24359.30078125,24119.94921875,24357.599609375,415000
2025-04-24,24246.69921875,24347.849609375,24216.150390625,24277.900390625,358800
2025-04-25,24039.349609375,24365.44921875,23847.849609375,24289.0,387700
2025-04-28,24328.5,24355.099609375,24054.05078125,24070.25,320500
2025-04-29,24335.94921875,24457.650390625,24290.75,24370.69921875,357600
2025-04-30,24334.19921875,24396.150390625,24198.75,24342.05078125,424500
2025-05-02,24346.69921875,24589.150390625,24238.5,24311.900390625,421100
2025-05-05,24461.150390625,24526.400390625,24400.650390625,24419.5,291500
2025-05-06,24379.599609375,24509.650390625,24331.80078125,24500.75,302400
2025-05-07,24414.400390625,24449.599609375,24220.0,24233.30078125,330100
2025-05-08,24273.80078125,24447.25,24150.19921875,24431.5,411400
2025-05-09,24008.0,24164.25,23935.75,23935.75,335600
2025-05-12,24924.69921875,24944.80078125,24378.849609375,24420.099609375,368700
2025-05-13,24578.349609375,24973.80078125,24547.5,24864.05078125,423000
2025-05-14,24666.900390625,24767.55078125,24535.55078125,24613.80078125,345500
2025-05-15,25062.099609375,25116.25,24494.44921875,24694.44921875,500800
2025-05-16,25019.80078125,25070.0,24953.05078125,25064.650390625,432700
2025-05-19,24945.44921875,25062.94921875,24916.650390625,25005.349609375,255300
2025-05-20,24683.900390625,25010.349609375,24669.69921875,24996.19921875,414800
2025-05-21,24813.44921875,24946.19921875,24685.349609375,24744.25,332700
2025-05-22,24609.69921875,24737.5,24462.400390625,24733.94921875,403300
2025-05-23,24853.150390625,24909.05078125,24614.05078125,24639.5,270500
2025-05-26,25001.150390625,25079.19921875,24900.5,24919.349609375,302800
2025-05-27,24826.19921875,25062.900390625,24704.099609375,24956.650390625,525700
2025-05-28,24752.44921875,24864.25,24737.05078125,24832.5,684400
2025-05-29,24833.599609375,24892.599609375,24677.30078125,24825.099609375,345400
2025-05-30,24750.69921875,24863.94921875,24717.400390625,24812.599609375,853900
2025-06-02,24716.599609375,24754.400390625,24526.150390625,24669.69921875,311100
2025-06-03,24542.5,24845.099609375,24502.150390625,24786.30078125,349300
2025-06-04,24620.19921875,24644.25,24530.44921875,24560.44921875,280900
2025-06-05,24750.900390625,24899.849609375,24613.099609375,24691.19921875,388400
2025-06-06,25003.05078125,25029.5,24671.44921875,24748.69921875,335600
2025-06-09,25103.19921875,25160.099609375,25077.150390625,25160.099609375,279200
2025-06-10,25104.25,25199.30078125,25055.44921875,25196.05078125,307300
2025-06-11,25141.400390625,25222.400390625,25081.30078125,25134.150390625,301200
2025-06-12,24888.19921875,25196.19921875,24825.900390625,25164.44921875,328300
2025-06-13,24718.599609375,24754.349609375,24473.0,24473.0,318700
2025-06-16,24946.5,24967.099609375,24703.599609375,24732.349609375,305800
2025-06-17,24853.400390625,24982.05078125,24813.69921875,24977.849609375,242400
2025-06-18,24812.05078125,24947.55078125,24750.44921875,24788.349609375,237600
2025-06-19,24793.25,24863.099609375,24733.400390625,24803.25,274600
2025-06-20,25112.400390625,25136.19921875,24783.650390625,24787.650390625,574700
2025-06-23,24971.900390625,25057.0,24824.849609375,24939.75,248500
2025-06-24,25044.349609375,25317.69921875,24999.69921875,25179.900390625,450200
2025-06-25,25244.75,25266.80078125,25125.05078125,25150.349609375,260600
2025-06-26,25549.0,25565.30078125,25259.900390625,25268.94921875,428900
2025-06-27,25637.80078125,25654.19921875,25523.55078125,25576.650390625,564000
2025-06-30,25517.05078125,25669.349609375,25473.30078125,25661.650390625,271000
2025-07-01,25541.80078125,25593.400390625,25501.80078125,25551.349609375,260700
2025-07-02,25453.400390625,25608.099609375,25378.75,25588.30078125,309800
2025-07-03,25405.30078125,25587.5,25384.349609375,25505.099609375,293400
2025-07-04,25461.0,25470.25,25331.650390625,25428.849609375,193500
2025-07-07,25461.30078125,25489.80078125,25407.25,25450.44921875,196100
2025-07-08,25522.5,25548.05078125,25424.150390625,25427.849609375,210400
2025-07-09,25476.099609375,25548.69921875,25424.349609375,25514.599609375,239100
2025-07-10,25355.25,25524.05078125,25340.44921875,25511.650390625,219600
2025-07-11,25149.849609375,25322.44921875,25129.0,25255.5,250000
2025-07-14,25082.30078125,25151.099609375,25001.94921875,25149.5,259500
2025-07-15,25195.80078125,25245.19921875,25088.44921875,25089.5,241300
2025-07-16,25212.05078125,25255.30078125,25121.05078125,25196.599609375,228800
2025-07-17,25111.44921875,25238.349609375,25101.0,25230.75,243400
2025-07-18,24968.400390625,25144.599609375,24918.650390625,25108.55078125,317000
2025-07-21,25090.69921875,25111.400390625,24882.30078125,24999.0,305200
2025-07-22,25060.900390625,25182.0,25035.55078125,25166.650390625,483700
2025-07-23,25219.900390625,25233.5,25085.5,25139.349609375,271500
2025-07-24,25062.099609375,25246.25,25018.69921875,25243.30078125,338700
2025-07-25,24837.0,25010.349609375,24806.349609375,25010.349609375,278100
2025-07-28,24680.900390625,24889.19921875,24646.599609375,24782.44921875,262100
2025-07-29,24821.099609375,24847.150390625,24598.599609375,24609.650390625,284700
2025-07-30,24855.05078125,24902.30078125,24771.94921875,24890.400390625,243900
2025-07-31,24768.349609375,24956.5,24635.0,24642.25,346300
2025-08-01,24565.349609375,24784.150390625,24535.05078125,24734.900390625,263400
2025-08-04,24722.75,24736.25,24554.0,24596.05078125,259300
2025-08-05,24649.55078125,24733.099609375,24590.30078125,24720.25,251800
2025-08-06,24574.19921875,24671.400390625,24539.19921875,24641.349609375,225100
2025-08-07,24596.150390625,24634.19921875,24344.150390625,24464.19921875,616700
2025-08-08,24363.30078125,24585.5,24337.5,24544.25,312600
2025-08-11,24585.05078125,24600.849609375,24347.44921875,24371.5,241100
2025-08-12,24487.400390625,24702.599609375,24465.650390625,24563.349609375,237000
2025-08-13,24619.349609375,24664.55078125,24535.25,24586.19921875,236000
2025-08-14,24631.30078125,24673.650390625,24596.900390625,24607.25,270200
2025-08-18,24876.94921875,25022.0,24852.849609375,24938.19921875,363100
2025-08-19,24980.650390625,25012.650390625,24873.94921875,24891.349609375,252300
2025-08-20,25050.55078125,25088.69921875,24929.69921875,24965.80078125,287100
2025-08-21,25083.75,25153.650390625,25054.900390625,25142.0,226500
2025-08-22,24870.099609375,25084.849609375,24859.150390625,25064.150390625,210200
2025-08-25,24967.75,25021.55078125,24894.349609375,24949.150390625,213000
2025-08-26,24712.05078125,24919.650390625,24689.599609375,24899.5,750500
2025-08-28,24500.900390625,24702.650390625,24481.599609375,24695.80078125,326600
2025-08-29,24426.849609375,24572.44921875,24404.69921875,24466.69921875,325500
2025-09-01,24625.05078125,24635.599609375,24432.69921875,24432.69921875,229300
2025-09-02,24579.599609375,24756.099609375,24522.349609375,24653.0,271600
2025-09-03,24715.05078125,24737.05078125,24533.19921875,24616.5,340300
2025-09-04,24734.30078125,24980.75,24708.19921875,24980.75,314100
2025-09-05,24741.0,24832.349609375,24621.599609375,24818.849609375,210100
2025-09-08,24773.150390625,24885.5,24751.55078125,24802.599609375,213200
2025-09-09,24868.599609375,24891.80078125,24814.0,24864.099609375,226900
2025-09-10,24973.099609375,25035.69921875,24915.05078125,24991.0,244100
2025-09-11,25005.5,25037.30078125,24940.150390625,24945.5,224600
2025-09-12,25114.0,25139.44921875,25038.05078125,25074.44921875,225700
2025-09-15,25069.19921875,25138.44921875,25048.75,25118.900390625,185400
2025-09-16,25239.099609375,25261.400390625,25070.44921875,25073.599609375,240100
2025-09-17,25330.25,25346.5,25275.349609375,25276.599609375,268900
2025-09-18,25423.599609375,25448.94921875,25329.75,25441.05078125,272200
2025-09-19,25327.05078125,25428.75,25286.30078125,25410.19921875,380400
2025-09-22,25202.349609375,25331.69921875,25151.05078125,25238.099609375,254500
2025-09-23,25169.5,25261.900390625,25084.650390625,25209.0,299200
2025-09-24,25056.900390625,25149.849609375,25027.44921875,25108.75,244400
2025-09-25,24890.849609375,25092.69921875,24878.30078125,25034.5,342500
2025-09-26,24654.69921875,24868.599609375,24629.44921875,24818.55078125,291500
2025-09-29,24634.900390625,24791.30078125,24606.19921875,24728.55078125,394400
2025-09-30,24611.099609375,24731.80078125,24587.69921875,24691.94921875,303000
2025-10-01,24836.30078125,24867.94921875,24605.94921875,24620.55078125,308900
2025-10-03,24894.25,24904.80078125,24747.55078125,24759.55078125,365900
2025-10-06,25077.650390625,25095.94921875,24881.650390625,24916.55078125,268800
2025-10-07,25108.30078125,25220.900390625,25076.30078125,25085.30078125,288000
2025-10-08,25046.150390625,25192.5,25008.5,25079.75,227400
2025-10-09,25181.80078125,25199.25,25024.30078125,25074.30078125,286300
2025-10-10,25285.349609375,25330.75,25156.849609375,25167.650390625,232900
2025-10-13,25227.349609375,25267.30078125,25152.30078125,25177.30078125,234300
2025-10-14,25145.5,25310.349609375,25060.55078125,25277.55078125,292100
2025-10-15,25323.55078125,25365.150390625,25159.349609375,25181.94921875,289900
2025-10-16,25585.30078125,25625.400390625,25376.849609375,25394.900390625,372800
2025-10-17,25709.849609375,25781.5,25508.599609375,25546.849609375,422100
2025-10-20,25843.150390625,25926.19921875,25788.5,25824.599609375,301100
2025-10-21,25868.599609375,25934.349609375,25825.80078125,25901.19921875,42500
2025-10-23,25891.400390625,26104.19921875,25862.44921875,26057.19921875,448400
2025-10-24,25795.150390625,25944.150390625,25718.19921875,25935.099609375,284900
2025-10-27,25966.05078125,26005.94921875,25827.0,25843.19921875,266300
2025-10-28,25936.19921875,26041.69921875,25810.05078125,25939.94921875,395200
2025-10-29,26053.900390625,26097.849609375,25960.30078125,25982.0,321900
2025-10-30,25877.849609375,26032.05078125,25845.25,25984.400390625,257400
2025-10-31,25722.099609375,25953.75,25711.19921875,25863.80078125,334400
2025-11-03,25763.349609375,25803.099609375,25645.5,25696.849609375,23300
2025-11-04,25597.650390625,25787.400390625,25578.400390625,25744.75,305100
2025-11-06,25509.69921875,25679.150390625,25491.55078125,25593.349609375,371900
2025-11-07,25492.30078125,25551.25,25318.44921875,25433.80078125,305600
2025-11-10,25574.349609375,25653.44921875,25503.5,25503.5,243600
2025-11-11,25694.94921875,25715.80078125,25449.25,25617.0,297700
2025-11-12,25875.80078125,25934.55078125,25781.150390625,25834.30078125,312600
2025-11-13,25879.150390625,26010.69921875,25808.400390625,25906.099609375,385200
2025-11-14,25910.05078125,25940.19921875,25740.80078125,25767.900390625,518900
2025-11-17,26013.44921875,26024.19921875,25906.349609375,25948.19921875,281800
2025-11-18,25910.05078125,26029.849609375,25876.5,26021.80078125,280000
2025-11-19,26052.650390625,26074.650390625,25856.19921875,25918.099609375,250100
2025-11-20,26192.150390625,26246.650390625,26063.19921875,26132.099609375,240400
2025-11-21,26068.150390625,26179.19921875,26052.19921875,26109.55078125,235600
2025-11-24,25959.5,26142.80078125,25912.150390625,26122.80078125,464700
2025-11-25,25884.80078125,26032.599609375,25857.5,25998.5,260500
2025-11-26,26205.30078125,26215.150390625,25842.94921875,25842.94921875,275300
2025-11-27,26215.55078125,26310.44921875,26141.900390625,26261.25,240300
2025-11-28,26202.94921875,26280.75,26172.400390625,26237.44921875,202500
2025-12-01,26175.75,26325.80078125,26124.19921875,26325.80078125,213800
2025-12-02,26032.19921875,26154.599609375,25997.849609375,26087.94921875,254800
2025-12-03,25986.0,26066.44921875,25891.0,26004.900390625,265700
2025-12-04,26033.75,26098.25,25938.94921875,25981.849609375,248100
2025-12-05,26186.44921875,26202.599609375,25985.349609375,25999.80078125,249300
2025-12-08,25960.55078125,26178.69921875,25892.25,26159.80078125,320700
2025-12-09,25839.650390625,25923.650390625,25728.0,25867.099609375,276000
2025-12-10,25758.0,25947.650390625,25734.55078125,25864.05078125,207900
2025-12-11,25898.55078125,25922.80078125,25693.25,25771.400390625,206100
2025-12-12,26046.94921875,26057.599609375,25938.44921875,25971.19921875,216300
2025-12-15,26027.30078125,26047.150390625,25904.75,25930.05078125,181600
2025-12-16,25860.099609375,25980.75,25834.349609375,25951.5,264400
2025-12-17,25818.55078125,25929.150390625,25770.349609375,25902.400390625,206500
2025-12-18,25815.55078125,25902.349609375,25726.30078125,25764.69921875,197600
2025-12-19,25966.400390625,25993.349609375,25880.44921875,25911.5,382900
2025-12-22,26172.400390625,26180.69921875,26047.80078125,26055.849609375,253000
2025-12-23,26177.150390625,26233.55078125,26119.05078125,26205.19921875,216600
2025-12-24,26142.099609375,26236.400390625,26123.0,26170.650390625,188800
2025-12-26,26042.30078125,26144.19921875,26008.599609375,26121.25,142200
2025-12-29,25942.099609375,26106.80078125,25920.30078125,26063.349609375,234300
2025-12-30,25938.849609375,25976.75,25878.0,25940.900390625,396900
2025-12-31,26129.599609375,26187.94921875,25969.0,25971.05078125,246300
2026-01-01,26146.55078125,26197.55078125,26113.400390625,26173.30078125,425600
2026-01-02,26328.55078125,26340.0,26118.400390625,26155.099609375,357500
2026-01-05,26250.30078125,26373.19921875,26210.05078125,26333.69921875,338800
2026-01-06,26178.69921875,26273.94921875,26124.75,26189.69921875,383000
2026-01-07,26140.75,26187.150390625,26067.900390625,26143.099609375,338200
2026-01-08,25876.849609375,26133.19921875,25858.44921875,26106.5,328500
2026-01-09,25683.30078125,25940.599609375,25623.0,25840.400390625,348800
2026-01-12,25790.25,25813.150390625,25473.400390625,25669.05078125,275800
2026-01-13,25732.30078125,25899.80078125,25603.30078125,25897.349609375,339500
2026-01-14,25665.599609375,25791.75,25603.94921875,25648.55078125,393100
2026-01-16,25694.349609375,25873.5,25662.400390625,25696.05078125,434000
2026-01-19,25585.5,25653.30078125,25494.349609375,25653.099609375,443100
2026-01-20,25232.5,25585.0,25171.349609375,25580.30078125,409800
2026-01-21,25157.5,25300.94921875,24919.80078125,25141.0,395600
2026-01-22,25289.900390625,25435.75,25168.5,25344.150390625,486400
2026-01-23,25048.650390625,25347.94921875,25025.30078125,25344.599609375,393900
2026-01-27,25175.400390625,25246.650390625,24932.55078125,25063.349609375,618700
2026-01-28,25342.75,25372.099609375,25187.650390625,25258.849609375,574900
2026-01-29,25418.900390625,25458.150390625,25159.80078125,25345.0,582400
2026-01-30,25320.650390625,25370.69921875,25213.650390625,25247.55078125,508400
2026-02-02,25088.400390625,25108.099609375,24679.400390625,24796.5,449200
2026-02-03,25727.55078125,26341.19921875,25641.30078125,26308.05078125,637300
2026-02-04,25776.0,25818.55078125,25563.94921875,25675.05078125,429800
2026-02-05,25642.80078125,25757.650390625,25579.5,25755.900390625,343800
2026-02-06,25693.69921875,25703.94921875,25491.900390625,25605.80078125,375500
2026-02-09,25867.30078125,25922.25,25780.900390625,25888.69921875,359400
2026-02-10,25935.150390625,25989.44921875,25870.44921875,25922.650390625,460900
2026-02-11,25953.849609375,26009.400390625,25899.80078125,25997.44921875,331400
2026-02-12,25807.19921875,25906.69921875,25752.400390625,25906.69921875,419400
2026-02-13,25471.099609375,25630.349609375,25444.30078125,25571.150390625,453500
2026-02-16,25682.75,25697.0,25372.69921875,25423.599609375,275800
2026-02-17,25725.400390625,25764.400390625,25570.30078125,25637.94921875,344100
2026-02-18,25819.349609375,25828.05078125,25645.150390625,25752.650390625,310200
2026-02-19,25454.349609375,25885.30078125,25388.75,25873.349609375,298200
2026-02-20,25571.25,25663.55078125,25379.75,25406.55078125,296600
2026-02-23,25713.0,25771.44921875,25609.349609375,25678.400390625,313700
2026-02-24,25424.650390625,25641.80078125,25327.599609375,25641.80078125,439100
2026-02-25,25482.5,25652.599609375,25428.19921875,25512.599609375,414200
2026-02-26,25496.55078125,25572.94921875,25400.94921875,25556.30078125,405200
2026-02-27,25178.650390625,25476.400390625,25141.30078125,25459.849609375,438900
2026-03-02,24865.69921875,24989.349609375,24603.5,24659.25,519200
2026-03-04,24480.5,24602.44921875,24305.400390625,24388.80078125,599000
2026-03-05,24765.900390625,24854.19921875,24529.400390625,24615.94921875,504300
2026-03-06,24450.44921875,24700.900390625,24415.75,24656.400390625,433400
2026-03-09,24028.05078125,24078.150390625,23697.80078125,23868.05078125,526900
2026-03-10,24261.599609375,24303.80078125,24079.94921875,24280.80078125,444300
2026-03-11,23866.849609375,24299.0,23834.30078125,24231.849609375,407400
2026-03-12,23639.150390625,23833.150390625,23556.30078125,23674.849609375,501000
2026-03-13,23151.099609375,23492.400390625,23112.0,23462.5,519800
2026-03-16,23408.80078125,23502.0,22955.25,23116.099609375,540300
2026-03-17,23581.150390625,23656.80078125,23346.599609375,23493.19921875,458800
2026-03-18,23777.80078125,23862.25,23618.44921875,23632.900390625,382900
2026-03-19,23002.150390625,23378.69921875,22930.349609375,23197.75,550100
2026-03-20,23114.5,23345.150390625,23067.599609375,23110.150390625,663300
2026-03-23,22512.650390625,22851.69921875,22471.25,22824.349609375,550300
2026-03-24,22912.400390625,23057.30078125,22624.19921875,22878.44921875,538100
2026-03-25,23306.44921875,23465.349609375,23063.19921875,23064.400390625,505400
2026-03-27,22819.599609375,23186.099609375,22804.55078125,23173.55078125,612600
2026-03-30,22331.400390625,22714.099609375,22283.849609375,22549.650390625,698600
2026-04-01,22679.400390625,22941.30078125,22618.599609375,22899.0,518000
2026-04-02,22713.099609375,22782.30078125,22182.55078125,22383.400390625,495100
2026-04-06,22968.25,22998.349609375,22542.94921875,22780.30078125,426400
2026-04-07,23123.650390625,23153.849609375,22719.30078125,22838.69921875,477000
2026-04-08,23997.349609375,24025.150390625,23828.5,23855.150390625,639300
2026-04-09,23775.099609375,23990.75,23682.80078125,23909.05078125,466600
2026-04-10,24050.599609375,24074.05078125,23856.349609375,23880.55078125,481300
2026-04-13,23842.650390625,23907.400390625,23555.599609375,23589.599609375,488800
2026-04-15,24231.30078125,24280.900390625,24145.80078125,24163.80078125,460300
2026-04-16,24196.75,24400.94921875,24102.80078125,24385.19921875,508000
2026-04-17,24353.55078125,24371.900390625,24096.05078125,24165.900390625,498600
2026-04-20,24364.849609375,24480.650390625,24241.25,24391.5,415900
2026-04-21,24576.599609375,24601.69921875,24354.900390625,24374.55078125,425800
2026-04-22,24378.099609375,24515.94921875,24352.900390625,24470.849609375,440500
2026-04-23,24173.05078125,24310.19921875,24134.80078125,24202.349609375,467500
2026-04-24,23897.94921875,24206.0,23813.650390625,24100.55078125,438400
2026-04-27,24092.69921875,24130.69921875,23936.19921875,23945.44921875,430300
2026-04-28,23995.69921875,24181.80078125,23957.05078125,24049.900390625,554100
2026-04-29,24177.650390625,24334.69921875,24059.94921875,24096.900390625,531100
2026-04-30,23997.55078125,24087.44921875,23796.849609375,23996.94921875,505500
2026-05-04,24119.30078125,24290.19921875,24004.75,24063.55078125,419100
2026-05-05,24032.80078125,24081.69921875,23882.05078125,24052.599609375,363300
2026-05-06,24330.94921875,24356.5,23997.900390625,24171.0,429200
2026-05-07,24326.650390625,24482.099609375,24284.0,24398.5,440600
2026-05-08,24176.150390625,24253.80078125,24126.650390625,24233.650390625,335900
2026-05-11,23815.849609375,23997.44921875,23799.099609375,23970.099609375,390100
2026-05-12,23379.55078125,23757.55078125,23348.400390625,23722.599609375,447500
2026-05-13,23412.599609375,23582.94921875,23262.55078125,23362.44921875,415400
2026-05-14,23689.599609375,23777.19921875,23426.55078125,23530.25,428700
2026-05-15,23643.5,23839.30078125,23610.30078125,23731.400390625,408900
2026-05-18,23649.94921875,23695.650390625,23317.099609375,23482.19921875,392000
2026-05-19,23618.0,23782.30078125,23587.19921875,23675.30078125,442000
2026-05-20,23659.0,23690.900390625,23397.30078125,23457.25,344100
2026-05-21,23654.69921875,23859.900390625,23596.599609375,23830.05078125,348200
2026-05-22,23719.30078125,23835.650390625,23671.0,23671.19921875,336100
2026-05-25,24031.69921875,24054.44921875,23922.849609375,23940.25,351200
2026-05-26,23913.69921875,24089.80078125,23885.44921875,24004.099609375,387900
2026-05-27,23907.150390625,23983.19921875,23858.25,23880.349609375,531600
2026-05-29,23547.75,24002.80078125,23484.75,23902.150390625,1198000
2026-06-01,23382.599609375,23733.69921875,23357.94921875,23654.5,421700
2026-06-02,23483.55078125,23556.94921875,23229.150390625,23229.150390625,511900
2026-06-03,23405.599609375,23459.650390625,23151.5,23415.94921875,450100
2026-06-04,23416.55078125,23465.30078125,23247.30078125,23282.44921875,412500
2026-06-05,23366.69921875,23516.349609375,23282.650390625,23478.94921875,366200
2026-06-08,23123.0,23267.30078125,23070.150390625,23080.69921875,375700
2026-06-09,23242.099609375,23279.400390625,23104.44921875,23259.05078125,402600
2026-06-10,23214.94921875,23425.349609375,23184.599609375,23233.94921875,380000
2026-06-11,23161.599609375,23327.44921875,23072.05078125,23104.400390625,363000
2026-06-12,23622.900390625,23645.349609375,23313.900390625,23412.55078125,351900
2026-06-15,23853.900390625,24011.400390625,23817.80078125,23984.849609375,0
