factor,horizon,quintile,sample_count,avg_forward_return,median_forward_return,win_rate,avg_forward_drawdown,drawdown_hit_rate_3pct
market_drawdown_252,1,1,393,0.0013654511673570522,0.0027060306252746358,0.6717557251908397,0.0019873668317088276,0.010178117048346057
market_drawdown_252,1,2,392,0.0006610084902635072,0.0014266479134766863,0.5739795918367347,0.0027371015052206626,0.002551020408163265
market_drawdown_252,1,3,392,8.865614117944301e-05,0.0006952418305641306,0.5382653061224489,0.002874485523103392,0.002551020408163265
market_drawdown_252,1,4,392,0.0003310479200068874,0.0005979900621380096,0.5255102040816326,0.0032295972973643374,0.00510204081632653
market_drawdown_252,1,5,393,0.0010774293287475877,0.0019415957968953457,0.5928753180661578,0.004563945664077899,0.022900763358778626
market_drawdown_252,5,1,392,0.00473250102194001,0.007280294688888467,0.673469387755102,0.00796976498915656,0.07908163265306123
market_drawdown_252,5,2,391,0.004772414784051383,0.004353160678703061,0.5856777493606138,0.009207873730851848,0.0792838874680307
market_drawdown_252,5,3,392,-0.0005436585244556666,0.00039237296199778893,0.5025510204081632,0.010890416097366013,0.10714285714285714
market_drawdown_252,5,4,391,0.001911613656522955,0.004727967305149017,0.5933503836317136,0.011191837084817774,0.09974424552429667
market_drawdown_252,5,5,392,0.006712250706010316,0.0076903892186762635,0.6301020408163265,0.014579397453244922,0.1683673469387755
market_drawdown_252,10,1,391,0.010131234773153926,0.014488752289801843,0.7340153452685422,0.012186500828979829,0.15601023017902813
market_drawdown_252,10,2,390,0.009539192507694957,0.012051194851802949,0.6487179487179487,0.014927925972524283,0.1794871794871795
market_drawdown_252,10,3,391,-0.0024740623109531846,-0.0014760958361274001,0.4731457800511509,0.018601953211985687,0.23017902813299232
market_drawdown_252,10,4,390,0.0010122137583589924,0.00654214700235789,0.6051282051282051,0.018741596624503025,0.20512820512820512
market_drawdown_252,10,5,391,0.017049152510094433,0.017848957369414276,0.6828644501278772,0.02027594969697093,0.24552429667519182
market_drawdown_252,20,1,389,0.022467485457593687,0.03224859213270448,0.8097686375321337,0.017365896229619357,0.2185089974293059
market_drawdown_252,20,2,388,0.01636283572779806,0.02220939237115327,0.7268041237113402,0.02387079264193106,0.28865979381443296
market_drawdown_252,20,3,389,-0.007246664728515253,-0.007647835586137353,0.4087403598971722,0.032011470886121295,0.4241645244215938
market_drawdown_252,20,4,388,0.0029717220614634506,0.006760146003260692,0.5824742268041238,0.029010315184505624,0.33505154639175255
market_drawdown_252,20,5,389,0.036749825056360014,0.040561104150441674,0.7840616966580977,0.02497071443572667,0.31362467866323906
above200_deterioration_5d,1,1,417,0.001894872193841693,0.0023210328922851353,0.6330935251798561,0.0019360275431461284,0.0
above200_deterioration_5d,1,2,417,0.0010694309844651003,0.001841519374113476,0.60431654676259,0.0023134297359553085,0.007194244604316547
above200_deterioration_5d,1,3,416,-0.00017137103371198809,0.0007414704899673108,0.5336538461538461,0.003031571779830349,0.004807692307692308
above200_deterioration_5d,1,4,415,0.00037187807604548,0.0007419231086593925,0.5397590361445783,0.0031306687068402357,0.0
above200_deterioration_5d,1,5,417,-3.1745450504489055e-05,0.0013245500707621538,0.5635491606714629,0.0049097223591488765,0.02877697841726619
above200_deterioration_5d,5,1,416,0.0052544842262319405,0.006559448824497771,0.6322115384615384,0.007477962475534996,0.038461538461538464
above200_deterioration_5d,5,2,417,0.004117577434443264,0.003961793425515392,0.5851318944844125,0.008399954398032594,0.0815347721822542
above200_deterioration_5d,5,3,415,-0.0005212209773492103,0.001233912082562183,0.5228915662650603,0.011634263910961147,0.1108433734939759
above200_deterioration_5d,5,4,414,0.0036563872573896422,0.0036193309413157237,0.5821256038647343,0.011155081799648067,0.10869565217391304
above200_deterioration_5d,5,5,416,0.003218705191998885,0.007073319805337652,0.6153846153846154,0.015275858489978696,0.17548076923076922
above200_deterioration_5d,10,1,415,0.009520861542059595,0.010656130173179346,0.6433734939759036,0.012649427728505339,0.13253012048192772
above200_deterioration_5d,10,2,414,0.007686521652501454,0.009277496964797183,0.6376811594202898,0.01370679749510974,0.1642512077294686
above200_deterioration_5d,10,3,415,0.0006482572015172292,0.0028569875155370905,0.5421686746987951,0.018442581579030674,0.23132530120481928
above200_deterioration_5d,10,4,414,0.00797715487786697,0.009379637292626919,0.6207729468599034,0.016711462076543178,0.2028985507246377
above200_deterioration_5d,10,5,415,0.005885327854930681,0.009271944068657278,0.6240963855421687,0.023618207004573462,0.27710843373493976
above200_deterioration_5d,20,1,413,0.01679182376206336,0.01999971365738129,0.6682808716707022,0.019416929300317732,0.24455205811138014
above200_deterioration_5d,20,2,412,0.01694591534630581,0.022084615786260642,0.6868932038834952,0.020305352125295297,0.2815533980582524
above200_deterioration_5d,20,3,413,0.0044269350893768565,0.008972194687390855,0.5738498789346247,0.02778481070591021,0.3898305084745763
above200_deterioration_5d,20,4,412,0.0141429841444432,0.017826163809418927,0.662621359223301,0.025336344068829873,0.308252427184466
above200_deterioration_5d,20,5,413,0.012257266217915785,0.012018468567755125,0.6174334140435835,0.0355177018287452,0.4019370460048426
above200_deterioration_10d,1,1,416,0.0015107432218722848,0.0018232686585494262,0.6105769230769231,0.002032349144103406,0.002403846153846154
above200_deterioration_10d,1,2,415,0.0010146539146113913,0.0016917733726060646,0.5903614457831325,0.0022752647401439495,0.007228915662650603
above200_deterioration_10d,1,3,415,7.196068376535354e-05,0.0009946184161413463,0.5542168674698795,0.0028443094477767204,0.0
above200_deterioration_10d,1,4,415,-7.961706069532396e-05,0.001218557320836533,0.5421686746987951,0.00362474674951635,0.007228915662650603
above200_deterioration_10d,1,5,416,0.0006187648326608375,0.0018660043205314114,0.5769230769230769,0.00456703024557563,0.02403846153846154
above200_deterioration_10d,5,1,415,0.004911268531631224,0.005498049636933011,0.6289156626506024,0.007581571165335366,0.04819277108433735
above200_deterioration_10d,5,2,415,0.004803423901942439,0.003692790542199509,0.5855421686746988,0.008219554656581375,0.06987951807228916
above200_deterioration_10d,5,3,414,-1.5198545278364815e-05,0.0020431373137129727,0.5410628019323671,0.010873116150831162,0.09178743961352658
above200_deterioration_10d,5,4,414,0.0027361701055855334,0.0034356977248473086,0.5748792270531401,0.011904788105751494,0.12560386473429952
above200_deterioration_10d,5,5,415,0.003376528222853513,0.006955947606866797,0.6120481927710844,0.015408411744191655,0.18072289156626506
above200_deterioration_10d,10,1,414,0.009681764092207912,0.01013145453645048,0.6497584541062802,0.01178860932371595,0.11594202898550725
above200_deterioration_10d,10,2,414,0.008826411702119175,0.012425999067885218,0.6714975845410628,0.012534451255720542,0.1473429951690821
above200_deterioration_10d,10,3,413,0.0021082698091602725,0.0035110103195512554,0.5520581113801453,0.017655613177329017,0.21307506053268765
above200_deterioration_10d,10,4,413,0.005960215228480894,0.006315828811285673,0.6004842615012107,0.01784838717709519,0.22518159806295399
above200_deterioration_10d,10,5,414,0.005213261307393589,0.008927092309544804,0.5942028985507246,0.025417615954715204,0.30917874396135264
above200_deterioration_10d,20,1,412,0.018032689054248485,0.02219649880151431,0.7014563106796117,0.018024356807643523,0.20388349514563106
above200_deterioration_10d,20,2,411,0.019659158717592537,0.025786444289070287,0.681265206812652,0.018660284657465213,0.25547445255474455
above200_deterioration_10d,20,3,412,0.0067207228779323875,0.01078788047869339,0.5946601941747572,0.02663245694102123,0.3859223300970874
above200_deterioration_10d,20,4,412,0.01151603850469258,0.014254077172470292,0.6529126213592233,0.026812570638249246,0.3567961165048544
above200_deterioration_10d,20,5,411,0.009365448134921784,0.01043647027037875,0.5863746958637469,0.03781092035221972,0.41605839416058393
above200_deterioration_20d,1,1,414,0.0012556027614050215,0.0018356577341653857,0.6038647342995169,0.0022183960778860107,0.004830917874396135
above200_deterioration_20d,1,2,413,0.0012735715663080205,0.0018727392168012003,0.6053268765133172,0.0021546657308965365,0.004842615012106538
above200_deterioration_20d,1,3,413,0.00016751538489007272,0.0007592998437175869,0.5399515738498789,0.0028122161246973607,0.002421307506053269
above200_deterioration_20d,1,4,413,0.0005847703579766106,0.001695421247897011,0.5811138014527845,0.0031657690288807365,0.004842615012106538
above200_deterioration_20d,1,5,414,-9.70346864923706e-05,0.0008983818759459306,0.5483091787439613,0.004998498515297952,0.024154589371980676
above200_deterioration_20d,5,1,413,0.004860234272043489,0.006553432280055116,0.6246973365617433,0.008247378429501236,0.06537530266343826
above200_deterioration_20d,5,2,412,0.005098478684506072,0.0048356362044102985,0.6116504854368932,0.00760795640900938,0.055825242718446605
above200_deterioration_20d,5,3,413,0.001026157395198356,0.003479650181662297,0.5738498789346247,0.010713691169941099,0.09200968523002422
above200_deterioration_20d,5,4,412,0.003736424194671115,0.0033897667389167774,0.5728155339805825,0.010431845675403265,0.09466019417475728
above200_deterioration_20d,5,5,413,0.0014468718553636213,0.004029715353967456,0.5665859564164649,0.016885856830471935,0.20581113801452786
above200_deterioration_20d,10,1,412,0.011605098225933303,0.013412622174983846,0.6747572815533981,0.011530313423376326,0.10679611650485436
above200_deterioration_20d,10,2,411,0.008614541205210094,0.012236113070894339,0.6763990267639902,0.01320369836195133,0.14841849148418493
above200_deterioration_20d,10,3,412,0.0019629635711670996,0.003684784874007696,0.5606796116504854,0.016914338909463554,0.20388349514563106
above200_deterioration_20d,10,4,411,0.006748583605577275,0.005768210629280013,0.5912408759124088,0.01596902175963963,0.2116788321167883
above200_deterioration_20d,10,5,412,0.003860309270622972,0.006881108892892396,0.5800970873786407,0.027011542653648496,0.3276699029126214
above200_deterioration_20d,20,1,411,0.020556133297709,0.025974189544604398,0.7299270072992701,0.017596269731929615,0.19951338199513383
above200_deterioration_20d,20,2,408,0.0166526647548957,0.01651018806144977,0.6421568627450981,0.01941877523277512,0.25
above200_deterioration_20d,20,3,410,0.0066546002470935705,0.011486869801167865,0.5926829268292683,0.025919963493866972,0.36341463414634145
above200_deterioration_20d,20,4,409,0.013565502291399831,0.012014294223575472,0.6479217603911981,0.02375704417348066,0.3545232273838631
above200_deterioration_20d,20,5,410,0.00919038281044107,0.015773319959088927,0.6195121951219512,0.040379720910598035,0.43414634146341463
above50_deterioration_5d,1,1,417,0.0015927450445942803,0.0019779843515270734,0.6354916067146283,0.00208569456418992,0.0
above50_deterioration_5d,1,2,416,0.0012523545101221652,0.0015357716187031079,0.5889423076923077,0.002229057910759843,0.0
above50_deterioration_5d,1,3,416,0.00010873734266321943,0.001006804776292114,0.5408653846153846,0.0030433011493544446,0.01201923076923077
above50_deterioration_5d,1,4,416,0.0004336071509818911,0.001580615299449195,0.5600961538461539,0.0035420190771961032,0.01201923076923077
above50_deterioration_5d,1,5,417,-0.00025144806986751464,0.0008997511520516532,0.5491606714628298,0.0044201998669308965,0.016786570743405275
above50_deterioration_5d,5,1,416,0.0037674079158894463,0.004988316781183277,0.6177884615384616,0.008672630971158179,0.0673076923076923
above50_deterioration_5d,5,2,415,0.0036835982701048293,0.004271703178625685,0.5807228915662651,0.009117184810984925,0.0819277108433735
above50_deterioration_5d,5,3,416,0.0023660078194366954,0.0017332367312149488,0.5552884615384616,0.010097017333485956,0.09375
above50_deterioration_5d,5,4,415,0.0027217139208157576,0.005498049636933011,0.5855421686746988,0.012066599977757978,0.13975903614457832
above50_deterioration_5d,5,5,416,0.0031961747643714806,0.005873765395191355,0.5985576923076923,0.013979205556913942,0.13221153846153846
above50_deterioration_5d,10,1,415,0.008780938910392786,0.010718637258081642,0.6602409638554216,0.01390621284626914,0.163855421686747
above50_deterioration_5d,10,2,414,0.005813920529137601,0.006106048208753934,0.5845410628019324,0.015131850365352558,0.18840579710144928
above50_deterioration_5d,10,3,415,0.006400141880040028,0.004082293994699837,0.5831325301204819,0.015340617515900986,0.18313253012048192
above50_deterioration_5d,10,4,414,0.00630126746900737,0.010123424197892472,0.6280193236714976,0.01846615295997689,0.22946859903381642
above50_deterioration_5d,10,5,415,0.0044133037655217046,0.00899173766483985,0.6120481927710844,0.02229130422940421,0.2433734939759036
above50_deterioration_5d,20,1,413,0.017768423847293293,0.02272371182598487,0.7021791767554479,0.02038752032484674,0.2639225181598063
above50_deterioration_5d,20,2,412,0.012249866845769094,0.016498013900096642,0.6432038834951457,0.023079478656465854,0.32038834951456313
above50_deterioration_5d,20,3,413,0.013225800469109329,0.016859904968765216,0.6246973365617433,0.023920444302906317,0.34624697336561744
above50_deterioration_5d,20,4,413,0.01245123873901968,0.015982259423123146,0.6416464891041163,0.027424304285197966,0.32929782082324455
above50_deterioration_5d,20,5,412,0.00884539699389889,0.010565637856197796,0.5970873786407767,0.03357605835512324,0.36650485436893204
above50_deterioration_10d,1,1,416,0.0016011448944835893,0.001870631774626208,0.6225961538461539,0.0020684498943201474,0.002403846153846154
above50_deterioration_10d,1,2,415,0.0005236129238255021,0.0013374773382419658,0.5686746987951807,0.002642283382173686,0.007228915662650603
above50_deterioration_10d,1,3,415,-0.0001322132953920331,0.0010025274380467408,0.5614457831325301,0.003087645784351993,0.004819277108433735
above50_deterioration_10d,1,4,415,0.0007447216224622871,0.0013772285201769652,0.5469879518072289,0.0032748271207404165,0.00963855421686747
above50_deterioration_10d,1,5,416,0.00039954984037657824,0.0015368303372804704,0.5745192307692307,0.004271120192043826,0.016826923076923076
above50_deterioration_10d,5,1,415,0.0051739948345148196,0.007184932622183116,0.6409638554216868,0.007805767685096962,0.05783132530120482
above50_deterioration_10d,5,2,414,0.002655806934754951,0.0019138450231958037,0.5410628019323671,0.009952987442141814,0.08454106280193237
above50_deterioration_10d,5,3,415,0.0019863636003300453,0.0027305438451057373,0.5686746987951807,0.01077514973555709,0.11325301204819277
above50_deterioration_10d,5,4,414,0.003805324130258059,0.005541283002613362,0.6014492753623188,0.010368097734583947,0.11352657004830918
above50_deterioration_10d,5,5,415,0.0021997151494179317,0.005556592870616717,0.5903614457831325,0.015079519179335676,0.14698795180722893
above50_deterioration_10d,10,1,414,0.010493260928251301,0.011357053473726508,0.6884057971014492,0.012025716115131509,0.13043478260869565
above50_deterioration_10d,10,2,413,0.006265193602830738,0.00688122991494633,0.5835351089588378,0.015089763397108795,0.1694915254237288
above50_deterioration_10d,10,3,414,0.004699438727922865,0.004533846560608734,0.5748792270531401,0.016782183473182187,0.2222222222222222
above50_deterioration_10d,10,4,413,0.008285566845313846,0.010264732198458804,0.6295399515738499,0.016317702656901103,0.2179176755447942
above50_deterioration_10d,10,5,414,0.0020621197051167725,0.0072744388100191015,0.5917874396135265,0.025019416235864837,0.27053140096618356
above50_deterioration_10d,20,1,412,0.019833461598013115,0.025060428021216885,0.7233009708737864,0.018837967703786134,0.22572815533980584
above50_deterioration_10d,20,2,411,0.014479416463694477,0.019731539065036108,0.6399026763990268,0.022156510558709687,0.29927007299270075
above50_deterioration_10d,20,3,412,0.01120817757089915,0.014617257228548897,0.6310679611650486,0.024523894912066784,0.3446601941747573
above50_deterioration_10d,20,4,412,0.014021409762194334,0.016652058667358194,0.6237864077669902,0.024975230744279462,0.3616504854368932
above50_deterioration_10d,20,5,411,0.0057301962778124075,0.009397698142648014,0.5985401459854015,0.03745460662380742,0.38686131386861317
above50_deterioration_20d,1,1,414,0.0013536311602955723,0.0019382335380431215,0.6038647342995169,0.0023044750063572024,0.004830917874396135
above50_deterioration_20d,1,2,413,0.0008278966165591546,0.0013178067866339571,0.5956416464891041,0.0024879351614624807,0.004842615012106538
above50_deterioration_20d,1,3,413,0.0006689846129780704,0.0017129730267277932,0.5835351089588378,0.0025053585428094225,0.002421307506053269
above50_deterioration_20d,1,4,413,0.00027744095123406656,0.0011121692870308397,0.5447941888619855,0.003216568642227709,0.007263922518159807
above50_deterioration_20d,1,5,414,5.586447024656948e-05,0.001052849973058878,0.5507246376811594,0.004835394625917785,0.021739130434782608
above50_deterioration_20d,5,1,413,0.0057075837788845216,0.007276025082424864,0.6537530266343826,0.007927882126778646,0.06779661016949153
above50_deterioration_20d,5,2,412,0.004247784860045741,0.0036393281947729728,0.5849514563106796,0.008934119159496105,0.06553398058252427
above50_deterioration_20d,5,3,413,0.0019230128808077117,0.002808367478023488,0.576271186440678,0.009517290129409281,0.0847457627118644
above50_deterioration_20d,5,4,412,0.0021443816519175537,0.003421055726288147,0.5655339805825242,0.01191550623025086,0.1383495145631068
above50_deterioration_20d,5,5,413,0.0021394886142258812,0.003721683720079305,0.5690072639225182,0.015598734314651915,0.15738498789346247
above50_deterioration_20d,10,1,412,0.009978494610913461,0.01195592013545177,0.6723300970873787,0.013013630591757452,0.13592233009708737
above50_deterioration_20d,10,2,411,0.009141239256332702,0.010129809934283474,0.6472019464720195,0.013346987279803659,0.1435523114355231
above50_deterioration_20d,10,3,412,0.00431142621723457,0.005442964495290692,0.6019417475728155,0.015268791586961632,0.18932038834951456
above50_deterioration_20d,10,4,411,0.005261218699051708,0.007404546295155079,0.5912408759124088,0.01813609785163639,0.27007299270072993
above50_deterioration_20d,10,5,412,0.004096785379309848,0.00435642997236485,0.5703883495145631,0.024869015479982937,0.25970873786407767
above50_deterioration_20d,20,1,410,0.019643453243030094,0.029045202108612167,0.7390243902439024,0.02014046120707127,0.22926829268292684
above50_deterioration_20d,20,2,409,0.013545589972928969,0.009525565211389253,0.6014669926650367,0.020860183746114723,0.2885085574572127
above50_deterioration_20d,20,3,410,0.009572991412958885,0.010387352067486866,0.5902439024390244,0.02450391605298569,0.33902439024390246
above50_deterioration_20d,20,4,409,0.012764832377517788,0.01812183930147504,0.6405867970660146,0.02489388800420662,0.3691931540342298
above50_deterioration_20d,20,5,410,0.01109240596546189,0.015587318037308728,0.6609756097560976,0.036675167817255556,0.375609756097561
new_lows_52w,1,1,1260,0.0011170185342086832,0.0018770399044879538,0.6055555555555555,0.0023390422822190215,0.003968253968253968
new_lows_52w,1,2,431,0.00032198900290538753,0.0008190419769251722,0.5568445475638051,0.00323828407446432,0.002320185614849188
new_lows_52w,1,3,396,-0.0005706915628624006,-1.3000081510172734e-06,0.5,0.005159701926042866,0.027777777777777776
new_lows_52w,5,1,1259,0.004176203804846703,0.004905672418089813,0.6171564733915806,0.008743031785225246,0.07307386814932486
new_lows_52w,5,2,430,0.0018089975491857684,0.0019336911670522205,0.541860465116279,0.011480071313159911,0.11627906976744186
new_lows_52w,5,3,394,0.0014364359297221537,0.004650967826692498,0.5482233502538071,0.016440896536377998,0.18274111675126903
new_lows_52w,10,1,1259,0.007754071142507263,0.009937442916005956,0.6370135027799841,0.01416449512448391,0.1699761715647339
new_lows_52w,10,2,429,0.005429920776202459,0.005237561048131001,0.5990675990675991,0.016745508668082294,0.20512820512820512
new_lows_52w,10,3,390,0.0028145298840950355,0.0034406606974418663,0.5564102564102564,0.026391999516425447,0.29743589743589743
new_lows_52w,20,1,1255,0.01627995715507984,0.02051949065888392,0.6701195219123506,0.02091487675042441,0.2900398406374502
new_lows_52w,20,2,427,0.005724663122002726,0.005795104399877404,0.5761124121779859,0.02754344495581909,0.3629976580796253
new_lows_52w,20,3,386,0.009560916648532659,0.017259938442718004,0.6191709844559585,0.03896785868549028,0.39896373056994816
net_new_lows_share,1,1,394,0.0013264758571446024,0.002363648128414164,0.6598984771573604,0.0018904176725350996,0.007614213197969543
net_new_lows_share,1,2,391,0.0009532669215613739,0.0019343562197418063,0.6010230179028133,0.0025354714176068906,0.0025575447570332483
net_new_lows_share,1,3,392,0.001135770135278606,0.0013029972744977858,0.5637755102040817,0.0023856556351594025,0.002551020408163265
net_new_lows_share,1,4,392,0.0010357930533899874,0.0016947032873688705,0.576530612244898,0.003014205965871359,0.002551020408163265
net_new_lows_share,1,5,393,-0.0009234612439340949,0.0001384242153203985,0.5012722646310432,0.0055660825232744324,0.027989821882951654
net_new_lows_share,5,1,394,0.00463533961213846,0.0069668870271442085,0.6751269035532995,0.007492160618530465,0.06091370558375635
net_new_lows_share,5,2,390,0.0033152141986380044,0.003503827257028358,0.5769230769230769,0.00976426731316178,0.10256410256410256
net_new_lows_share,5,3,391,0.004107537294183809,0.004557313072420355,0.5907928388746803,0.008942665779233546,0.0741687979539642
net_new_lows_share,5,4,391,0.004913719705179817,0.003721683720079305,0.59846547314578,0.00990801783763793,0.09718670076726342
net_new_lows_share,5,5,392,0.0006125378179385706,0.00393968614502771,0.5433673469387755,0.017739818587971516,0.1989795918367347
net_new_lows_share,10,1,394,0.010428894777075535,0.014559469255103097,0.751269035532995,0.011638613540688817,0.13959390862944163
net_new_lows_share,10,2,387,0.006123944914889893,0.007713485982161483,0.5788113695090439,0.015548908536610275,0.21188630490956073
net_new_lows_share,10,3,391,0.006214165656196301,0.006850864509941212,0.6112531969309463,0.014822646504713427,0.1918158567774936
net_new_lows_share,10,4,390,0.009505965802784438,0.009257492623228614,0.6384615384615384,0.015343424390707107,0.16666666666666666
net_new_lows_share,10,5,391,0.002964718283988797,0.004082293994699837,0.5626598465473146,0.027403232838760887,0.3069053708439898
net_new_lows_share,20,1,389,0.024348999711189645,0.03139971631890459,0.8251928020565553,0.01576870378337837,0.20308483290488433
net_new_lows_share,20,2,388,0.009178578193822378,0.009793468385031479,0.5902061855670103,0.025295302014697384,0.35051546391752575
net_new_lows_share,20,3,389,0.012138427007368157,0.013450446235750535,0.6503856041131105,0.024000047938884744,0.31876606683804626
net_new_lows_share,20,4,388,0.013031584996446353,0.0134883351595394,0.6211340206185567,0.02349812867181202,0.30927835051546393
net_new_lows_share,20,5,389,0.012615005967675506,0.018293264404160237,0.6246786632390745,0.03865649880167666,0.39845758354755784
new_low_high_ratio,1,1,1253,0.001058133193029811,0.0018623953151990502,0.6065442936951316,0.0023347415935323257,0.0039904229848363925
new_low_high_ratio,1,2,435,0.0009064735303618564,0.0009603865904912467,0.5586206896551724,0.0028307343559592843,0.0022988505747126436
new_low_high_ratio,1,3,399,-0.0010023311331130538,-0.00014102423162243305,0.49624060150375937,0.00558730579665356,0.02756892230576441
new_low_high_ratio,5,1,1252,0.003927465699583689,0.004850588351679397,0.6150159744408946,0.008694499366619528,0.07268370607028754
new_low_high_ratio,5,2,433,0.003202178908976025,0.0023694874903938956,0.5496535796766744,0.010418243177876013,0.10161662817551963
new_low_high_ratio,5,3,398,0.0007485798223542963,0.003988839755864726,0.5477386934673367,0.017650774910960596,0.1984924623115578
new_low_high_ratio,10,1,1252,0.007401465792735726,0.009930064268152239,0.6317891373801917,0.014081238001132349,0.16853035143769968
new_low_high_ratio,10,2,429,0.006303714292603905,0.006211857198695991,0.6107226107226107,0.01596783629726496,0.20046620046620048
new_low_high_ratio,10,3,397,0.003069394539476976,0.004082293994699837,0.5617128463476071,0.02727932151837305,0.3047858942065491
new_low_high_ratio,20,1,1248,0.015191455306750513,0.019313166847307328,0.6610576923076923,0.021140696729277604,0.2948717948717949
new_low_high_ratio,20,2,423,0.006137058595317371,0.007770113040564297,0.5981087470449172,0.02694904273187663,0.3475177304964539
new_low_high_ratio,20,3,397,0.012623121411612289,0.018293264404160237,0.6246851385390428,0.03845788457630823,0.3979848866498741
realized_volatility_20d,1,1,414,0.0002308638137699997,0.0012366249102987448,0.5797101449275363,0.002422340829367501,0.004830917874396135
realized_volatility_20d,1,2,413,9.434793766040076e-05,0.0005919886187448764,0.5278450363196125,0.0026574027589342307,0.002421307506053269
realized_volatility_20d,1,3,413,0.0011671258459250672,0.0016149870046204828,0.5956416464891041,0.0024267669788423955,0.002421307506053269
realized_volatility_20d,1,4,413,0.00045316503963107707,0.0016917733726060646,0.5883777239709443,0.0035349396592907747,0.014527845036319613
realized_volatility_20d,1,5,414,0.001238171011627481,0.002093553182153207,0.5869565217391305,0.004309270271785513,0.016908212560386472
realized_volatility_20d,5,1,413,0.0030018653130107673,0.003464740705694025,0.5932203389830508,0.008126726558469854,0.05084745762711865
realized_volatility_20d,5,2,412,0.001074155177884071,0.001382807554749954,0.5412621359223301,0.010217602180927673,0.07281553398058252
realized_volatility_20d,5,3,413,0.0038864412269265305,0.004649970038178131,0.612590799031477,0.009367037345925757,0.09685230024213075
realized_volatility_20d,5,4,412,0.001470539137167103,0.004802825445811454,0.5776699029126213,0.012327203529833507,0.13106796116504854
realized_volatility_20d,5,5,413,0.006719935017583224,0.008179742806496026,0.6246973365617433,0.013859066898265398,0.162227602905569
realized_volatility_20d,10,1,412,0.007284834334322615,0.00949072207488344,0.6286407766990292,0.01155340181328321,0.10679611650485436
realized_volatility_20d,10,2,411,0.00503535078954903,0.00750790922516642,0.6277372262773723,0.016179992419348286,0.1873479318734793
realized_volatility_20d,10,3,412,0.004034444386018455,0.006033157861390026,0.6043689320388349,0.01721147746522959,0.2087378640776699
realized_volatility_20d,10,4,411,0.0008839635157280633,0.003338878748010421,0.5669099756690997,0.019098740735035015,0.2116788321167883
realized_volatility_20d,10,5,412,0.015529980982733572,0.019508208246295178,0.6553398058252428,0.020600123095165727,0.28398058252427183
realized_volatility_20d,20,1,410,0.012025536274442146,0.02234013052421613,0.6682926829268293,0.020860238089945353,0.275609756097561
realized_volatility_20d,20,2,409,0.006596335814550918,0.013771039668634799,0.6210268948655256,0.026837167973780388,0.2665036674816626
realized_volatility_20d,20,3,410,0.011928052977855817,0.011053579462077523,0.6170731707317073,0.02502922223852559,0.3439024390243902
realized_volatility_20d,20,4,409,0.007331504879965156,0.007728667911904186,0.5794621026894865,0.02742222509480687,0.35207823960880197
realized_volatility_20d,20,5,410,0.028707641606410584,0.032697808940368334,0.7463414634146341,0.026945508116717774,0.36341463414634145
downside_semivariance_20d,1,1,414,0.0006586941953451318,0.0015299219519966378,0.5893719806763285,0.002200194532439232,0.004830917874396135
downside_semivariance_20d,1,2,414,0.00013587761801402539,0.0011134434027729734,0.5555555555555556,0.0025730185017338774,0.0
downside_semivariance_20d,1,3,413,0.0006871332178775032,0.0009606764889540376,0.5641646489104116,0.0027664732648838425,0.007263922518159807
downside_semivariance_20d,1,4,413,0.0009201025978764124,0.0023564558027233673,0.6222760290556901,0.003015629766563239,0.009685230024213076
downside_semivariance_20d,1,5,414,0.0007719527335751494,0.001231901178296635,0.5458937198067633,0.0047982056185910445,0.01932367149758454
downside_semivariance_20d,5,1,414,0.003988212421239621,0.0049937910423126786,0.6183574879227053,0.0074971942732254835,0.04106280193236715
downside_semivariance_20d,5,2,412,0.0010498240486410573,0.0016684648016990211,0.5388349514563107,0.010023039955584638,0.07524271844660194
downside_semivariance_20d,5,3,413,0.002533426887225092,0.003485782065657972,0.5786924939467313,0.010300290144019144,0.11380145278450363
downside_semivariance_20d,5,4,412,0.0018470062276091269,0.004654666090015858,0.587378640776699,0.011237539000633616,0.11407766990291263
downside_semivariance_20d,5,5,413,0.006628866585055918,0.008870381287232831,0.6246973365617433,0.014915106262886552,0.17191283292978207
downside_semivariance_20d,10,1,414,0.009516659697687842,0.012113088822525042,0.6763285024154589,0.010507534421845773,0.0893719806763285
downside_semivariance_20d,10,2,410,0.005235666832086631,0.0064297466961306116,0.6048780487804878,0.015556245388938177,0.17073170731707318
downside_semivariance_20d,10,3,411,0.001982168457864624,0.004136068371686896,0.5790754257907542,0.018198370858484737,0.24574209245742093
downside_semivariance_20d,10,4,412,0.0014513788300696295,0.004408631109156458,0.5703883495145631,0.019501502976904974,0.23058252427184467
downside_semivariance_20d,10,5,412,0.014489100797626718,0.017862737258325767,0.6504854368932039,0.02100065848261861,0.2645631067961165
downside_semivariance_20d,20,1,410,0.011318875202100924,0.025319353602403782,0.6634146341463415,0.02116097251797486,0.24878048780487805
downside_semivariance_20d,20,2,414,0.01102184799549596,0.011754952695379517,0.6183574879227053,0.023767867131648718,0.2946859903381642
downside_semivariance_20d,20,3,405,0.010474664586395498,0.013872455095446323,0.6518518518518519,0.025992094982020812,0.3135802469135803
downside_semivariance_20d,20,4,410,0.006093148302945569,0.008714869687333815,0.6024390243902439,0.029032988222606144,0.4024390243902439
downside_semivariance_20d,20,5,410,0.027592634851916414,0.03323060251160859,0.6951219512195121,0.02723139015508049,0.3439024390243902
above200_failure_days,1,1,2087,0.0006325954741071646,0.0013795781730383538,0.5754671777671299,0.003059959594826576,0.008145663632007666
above200_failure_days,5,1,2083,0.003169306429554685,0.004261857504936906,0.5885741718674988,0.01076410029649077,0.1027364378300528
above200_failure_days,10,1,2078,0.00634719838123415,0.008225575340553903,0.6140519730510106,0.01699220519332939,0.20115495668912417
above200_failure_days,20,1,2068,0.012846369056602497,0.01653943128687474,0.6411992263056093,0.02565319863177787,0.3254352030947776
above50_failure_days,1,1,2087,0.0006325954741071646,0.0013795781730383538,0.5754671777671299,0.003059959594826576,0.008145663632007666
above50_failure_days,5,1,2083,0.003169306429554685,0.004261857504936906,0.5885741718674988,0.01076410029649077,0.1027364378300528
above50_failure_days,10,1,2078,0.00634719838123415,0.008225575340553903,0.6140519730510106,0.01699220519332939,0.20115495668912417
above50_failure_days,20,1,2068,0.012846369056602497,0.01653943128687474,0.6411992263056093,0.02565319863177787,0.3254352030947776
